node_id,lat,lon
61182955,42.3851837,-71.1161327
61283119,42.3559021,-71.1095705
61283126,42.356645,-71.1087939
61283218,42.3559928,-71.1033176
61283269,42.3601506,-71.0948847
61283273,42.3568683,-71.1135582
61283287,42.3559879,-71.1120124
61283293,42.3561039,-71.0965487
61283300,42.356527,-71.1114547
61283305,42.3564065,-71.1104454
61283311,42.35663,-71.0968722
61283315,42.356868,-71.109219
61283322,42.3561388,-71.10998
61283333,42.3562883,-71.1142293
61283340,42.3573766,-71.1129953
61283345,42.3568122,-71.1111466
61283350,42.3628543,-71.0920014
61283366,42.3628055,-71.0913494
61283373,42.3623407,-71.0851597
61283385,42.3625051,-71.0870803
61316733,42.3710975,-71.1345634
61316739,42.3745747,-71.1284253
61317281,42.3592241,-71.0872011
61317284,42.3581085,-71.090535
61317292,42.3550229,-71.1052895
61317302,42.3554427,-71.1044373
61317303,42.3698047,-71.1224552
61317320,42.3691584,-71.1172831
61317323,42.3696011,-71.1181455
61317333,42.3588589,-71.1155963
61317337,42.3680457,-71.0907843
61317338,42.3683804,-71.0905932
61317355,42.3691316,-71.1005368
61317356,42.3935788,-71.134161
61317358,42.3717301,-71.1178565
61317361,42.3683897,-71.1087707
61317362,42.3678508,-71.1076864
61317364,42.3682049,-71.1083789
61317365,42.368115,-71.101223
61317367,42.3682994,-71.1017489
61317368,42.3892794,-71.1326533
61317369,42.390262,-71.132694
61317370,42.3896315,-71.1326763
61317371,42.3714363,-71.1170458
61317375,42.3800277,-71.1524341
61317381,42.3655216,-71.0941272
61317382,42.367969,-71.10081
61317383,42.3651691,-71.0933019
61317385,42.3806425,-71.153543
61317386,42.3648596,-71.0926213
61317398,42.3626089,-71.1125352
61317399,42.3626696,-71.1123566
61317400,42.3622709,-71.1135298
61317410,42.3537564,-71.110403
61317411,42.3695925,-71.106888
61317413,42.369783,-71.107198
61317415,42.3668004,-71.1009956
61317416,42.3669615,-71.1015063
61317417,42.3540153,-71.1103117
61317420,42.3652001,-71.1048938
61317422,42.3685526,-71.1080143
61317423,42.3655877,-71.1040004
61317426,42.3673104,-71.1140131
61317427,42.3677372,-71.1140115
61317428,42.3901589,-71.1241378
61317429,42.3899762,-71.1236315
61317442,42.3538822,-71.110838
61317446,42.3539484,-71.1109873
61317454,42.3635742,-71.0974813
61317457,42.3732415,-71.0944229
61317471,42.3650764,-71.0998263
61317476,42.3594843,-71.1009714
61317478,42.360739,-71.0981013
61317483,42.3905496,-71.1238614
61317485,42.3758097,-71.1276485
61317489,42.3903711,-71.1233789
61317491,42.384295,-71.1277995
61317495,42.375913,-71.128059
61317497,42.384643,-71.128103
61317499,42.3656806,-71.0996858
61317501,42.3565472,-71.1048721
61317503,42.356213,-71.104251
61317509,42.3829,-71.139373
61317511,42.3830447,-71.1386543
61317513,42.365289,-71.099984
61317515,42.3834037,-71.1282834
61317521,42.3786479,-71.1084253
61317523,42.3648327,-71.0990955
61317525,42.3831214,-71.1288139
61317529,42.3832283,-71.1284294
61317531,42.3974594,-71.1302191
61317533,42.3973912,-71.1303112
61317535,42.3966494,-71.1293159
61317537,42.3966088,-71.1294308
61317539,42.3960633,-71.1286583
61317541,42.3960105,-71.128748
61317543,42.394692,-71.1271189
61317545,42.3946346,-71.1272068
61317547,42.3945568,-71.1269651
61317549,42.3944997,-71.1270525
61317551,42.3605496,-71.1109429
61317553,42.3603084,-71.1112044
61317585,42.3762283,-71.131518
61317586,42.3758176,-71.1315633
61317589,42.380305,-71.13414
61317593,42.3720917,-71.0841444
61317596,42.372297,-71.0841
61317601,42.3735294,-71.0886508
61317605,42.3866177,-71.141194
61317607,42.3866527,-71.1412113
61317609,42.3977664,-71.1307311
61317611,42.3978242,-71.1306347
61317645,42.3643326,-71.0970685
61317649,42.3594408,-71.1102038
61317651,42.3596313,-71.1105019
61317653,42.3893361,-71.1208414
61317657,42.3700042,-71.115134
61317659,42.370129,-71.115579
61317661,42.3650817,-71.1068994
61317663,42.3650545,-71.1072166
61317667,42.3651438,-71.1061777
61317669,42.3647494,-71.1107719
61317671,42.3646824,-71.1115426
61317675,42.3649763,-71.1081286
61317705,42.3754824,-71.13542
61317707,42.3755568,-71.1350937
61317709,42.3634514,-71.113712
61317711,42.3634724,-71.1134697
61317713,42.3559221,-71.1109575
61317722,42.3557733,-71.110692
61317725,42.3957642,-71.1325291
61317727,42.395998,-71.1325553
61317741,42.3660216,-71.0937583
61317743,42.3663107,-71.0945232
61317749,42.3891337,-71.1179734
61317759,42.3885806,-71.1190381
61317761,42.364617,-71.1123153
61317764,42.3644029,-71.1148097
61318060,42.365398,-71.0987656
61318061,42.381228,-71.1383322
61318062,42.381243,-71.138136
61318063,42.3900236,-71.125137
61318065,42.3897545,-71.1244266
61318066,42.3535732,-71.1046262
61318074,42.3607085,-71.0827428
61318083,42.3939944,-71.1263319
61318087,42.3603319,-71.0838883
61318093,42.3886778,-71.1441908
61318101,42.3581469,-71.1130322
61318108,42.3790961,-71.1287422
61318109,42.3788314,-71.1294958
61318122,42.3566752,-71.103783
61318129,42.3757684,-71.145943
61318130,42.3758436,-71.1456217
61318131,42.3948845,-71.1298332
61318132,42.3951585,-71.1301455
61318136,42.384782,-71.127809
61318138,42.385056,-71.128034
61318140,42.3719958,-71.0873841
61318142,42.378008,-71.152109
61318148,42.378054,-71.151637
61318150,42.3868564,-71.1254
61318164,42.378783,-71.152288
61318166,42.377833,-71.152064
61318175,42.3719574,-71.0870851
61318181,42.369529,-71.1344965
61318193,42.3679596,-71.1358951
61318427,42.385178,-71.123047
61318428,42.3855232,-71.1232503
61318430,42.3855196,-71.1220025
61318431,42.3852766,-71.117555
61318433,42.3786324,-71.146055
61318434,42.3721503,-71.0829774
61318436,42.3638872,-71.0931718
61318440,42.390356,-71.1268474
61318441,42.3903806,-71.1276524
61318443,42.3779281,-71.1459467
61318448,42.3878881,-71.1260032
61318449,42.3870606,-71.124707
61318451,42.3937013,-71.136229
61318453,42.3936306,-71.1351827
61318456,42.380135,-71.125065
61318457,42.379625,-71.1123181
61318458,42.3820583,-71.1267122
61318459,42.379651,-71.124686
61318460,42.381409,-71.1261474
61318463,42.3838266,-71.1258779
61318466,42.383065,-71.130224
61318467,42.3830337,-71.1277383
61318469,42.382918,-71.13041
61318470,42.383007,-71.12463
61318471,42.3838355,-71.1324084
61318474,42.382889,-71.124887
61318475,42.3858153,-71.1266197
61318476,42.3853901,-71.1263599
61318478,42.385344,-71.133897
61318480,42.3856325,-71.1348575
61318481,42.3867294,-71.1173922
61318483,42.385253,-71.137275
61318484,42.3856251,-71.1380832
61318489,42.3799086,-71.151652
61318498,42.379613,-71.109508
61318515,42.3811897,-71.1116645
61318516,42.379616,-71.111242
61318520,42.3648558,-71.0962551
61318523,42.366222,-71.1135554
61318526,42.3655859,-71.113662
61318530,42.3896105,-71.1571511
61318532,42.3701067,-71.1129548
61318533,42.380407,-71.127503
61318534,42.3662035,-71.095776
61318535,42.3698251,-71.1125428
61318538,42.384611,-71.120616
61318539,42.3848284,-71.1194567
61318540,42.3846595,-71.1203732
61318541,42.3909707,-71.1572623
61318542,42.3904883,-71.1570797
61318544,42.3712735,-71.1043353
61318545,42.3739025,-71.1020812
61318546,42.3731759,-71.102696
61318547,42.3908108,-71.126456
61318553,42.380311,-71.1299003
61318560,42.380285,-71.127285
61318561,42.379977,-71.1445488
61318563,42.3802599,-71.1435248
61318565,42.3798972,-71.1282953
61318569,42.3972816,-71.1322077
61318570,42.3972035,-71.1308902
61318571,42.3972398,-71.1315588
61318572,42.3629767,-71.0936343
61318577,42.366397,-71.1135492
61318578,42.3677257,-71.1135224
61318581,42.372381,-71.0846046
61318582,42.3719394,-71.0813363
61318586,42.3661011,-71.0888864
61318588,42.3648913,-71.1071937
61318589,42.3631419,-71.1043006
61318592,42.362326,-71.10294
61318593,42.3764104,-71.1193473
61318595,42.3629273,-71.1039427
61318597,42.3763028,-71.1189492
61318615,42.3754847,-71.1143367
61318626,42.3633621,-71.0837939
61318627,42.363851,-71.083472
61318628,42.3871132,-71.1409769
61320961,42.390723,-71.1386664
61320974,42.3850862,-71.1245872
61320978,42.3862611,-71.125283
61320984,42.362863,-71.102432
61320986,42.3618769,-71.1007587
61320989,42.3943628,-71.1295206
61320995,42.393601,-71.13081
61320997,42.3953616,-71.1278658
61320999,42.395311,-71.127971
61321000,42.3923798,-71.1216653
61321006,42.3672777,-71.0987393
61321008,42.3782512,-71.12914
61321012,42.3678728,-71.098382
61321014,42.3738862,-71.1050115
61321016,42.3675744,-71.0985612
61321018,42.3732479,-71.1055462
61321023,42.3742425,-71.1047543
61321029,42.3708344,-71.0946736
61321030,42.371133,-71.0945053
61321032,42.367575,-71.099657
61321036,42.367847,-71.099484
61321054,42.3978333,-71.141265
61321060,42.3978214,-71.1408574
61321062,42.3919889,-71.1255537
61321066,42.3920603,-71.1212667
61321071,42.3912828,-71.1260545
61321083,42.380991,-71.12294
61321084,42.3660053,-71.1007384
61321086,42.366231,-71.100592
61321088,42.379872,-71.12394
61321092,42.3691698,-71.1107432
61321094,42.3688772,-71.0797119
61321095,42.3704713,-71.0988397
61321101,42.368974,-71.1036581
61321103,42.3691792,-71.1042351
61321106,42.3689594,-71.0803235
61321110,42.3682968,-71.0805881
61321112,42.368501,-71.082123
61321119,42.368905,-71.0999606
61321123,42.357534,-71.110362
61321125,42.3573675,-71.1059571
61321129,42.3935176,-71.1331031
61321132,42.3578337,-71.1088031
61321134,42.3581117,-71.1072518
61321136,42.3691691,-71.081969
61321138,42.3691058,-71.0930981
61321140,42.3693894,-71.10338
61321142,42.3695932,-71.0852694
61321144,42.3573737,-71.1080232
61321146,42.3570834,-71.1095893
61321148,42.3696888,-71.093285
61321150,42.369124,-71.092825
61321152,42.381306,-71.137318
61321159,42.381687,-71.144055
61321162,42.3804912,-71.1423251
61321166,42.370621,-71.101339
61321168,42.3793692,-71.1298255
61321170,42.3702958,-71.1015778
61321172,42.37104,-71.101047
61321174,42.3799607,-71.1376306
61321175,42.3697112,-71.1020064
61321183,42.3683131,-71.0960944
61321187,42.3693548,-71.0955074
61321188,42.3690058,-71.1102626
61321194,42.369206,-71.107828
61321196,42.3706715,-71.1000707
61321198,42.3709032,-71.0999069
61321200,42.3696383,-71.0801705
61321202,42.3703158,-71.0800133
61321203,42.368525,-71.0877285
61321205,42.3682496,-71.0855848
61321207,42.3689238,-71.0854265
61321209,42.3688293,-71.0968291
61321211,42.3789133,-71.146354
61321218,42.3620053,-71.114346
61321241,42.3790305,-71.1268311
61321252,42.3774891,-71.1506519
61321254,42.37691,-71.1504689
61321255,42.3789472,-71.127078
61321257,42.3939378,-71.1283576
61321259,42.3751141,-71.1185799
61321268,42.393732,-71.128612
61321273,42.3630994,-71.0952707
61321275,42.363331,-71.098361
61321277,42.3634082,-71.0993912
61321278,42.3772108,-71.1505553
61321284,42.3700518,-71.1068905
61321286,42.3652089,-71.0979075
61321288,42.3652887,-71.0983032
61321303,42.3935,-71.1328755
61321305,42.3626538,-71.0990698
61321312,42.3581911,-71.0930839
61321321,42.3646402,-71.0981248
61321323,42.3757933,-71.1194413
61321325,42.3639782,-71.0983715
61321338,42.391785,-71.156604
61321360,42.3760825,-71.1195656
61321362,42.3930924,-71.157936
61321364,42.3933971,-71.1580338
61321365,42.3853128,-71.1181387
61321367,42.3853811,-71.119285
61321371,42.367096,-71.105111
61321373,42.3673414,-71.1048179
61321375,42.3666011,-71.1056907
61321378,42.3625294,-71.0967938
61321384,42.382555,-71.113968
61321393,42.3765712,-71.1221972
61321400,42.3759811,-71.1209823
61321404,42.401715,-71.1325737
61321408,42.3755634,-71.1200334
61321412,42.3740287,-71.1030728
61321415,42.3756853,-71.1046744
61321419,42.367489,-71.0932339
61321426,42.3671831,-71.0936857
61321428,42.3669139,-71.0940434
61321431,42.367706,-71.092672
61321439,42.3666616,-71.0942566
61321442,42.3944249,-71.1331488
61321444,42.3946226,-71.1423902
61321450,42.3947063,-71.1331609
61321453,42.395743,-71.133194
61321455,42.3910633,-71.131895
61321461,42.3906116,-71.129213
61321463,42.3989272,-71.1409517
61321465,42.39887,-71.1407151
61321466,42.3909007,-71.1309542
61321468,42.3908132,-71.1304384
61321470,42.3570082,-71.1043755
61321474,42.3559484,-71.105517
61321481,42.3702545,-71.1177537
61321483,42.3620991,-71.082131
61321502,42.3871544,-71.1378966
61321509,42.3874428,-71.138884
61321511,42.3679455,-71.085655
61321513,42.3675832,-71.0857386
61321515,42.3908851,-71.122305
61321517,42.3909546,-71.1222091
61321522,42.3687388,-71.1146974
61321524,42.3893579,-71.1236249
61321535,42.3983555,-71.1312885
61321537,42.3986177,-71.1310032
61321539,42.3989915,-71.1306455
61321541,42.3996209,-71.1300149
61321543,42.3993384,-71.1303008
61321559,42.385691,-71.128513
61321561,42.3668013,-71.1119109
61321563,42.366409,-71.11103
61321580,42.358986,-71.1001346
61321593,42.357458,-71.1032739
61321607,42.3761356,-71.1537724
61321609,42.376331,-71.151675
61321611,42.376123,-71.153404
61321618,42.3709489,-71.1191805
61321622,42.3706343,-71.1192215
61321630,42.3748539,-71.1223589
61321633,42.3817895,-71.1124419
61321635,42.3729155,-71.0945052
61321637,42.3778588,-71.1209696
61321639,42.3822609,-71.1129813
61321641,42.3741982,-71.0947181
61321674,42.3775187,-71.1221276
61321678,42.39665,-71.1353
61321680,42.396538,-71.1342658
61321682,42.3965542,-71.1332283
61321685,42.3699684,-71.103877
61321690,42.3732079,-71.1248196
61321693,42.3738825,-71.1243645
61321695,42.3965995,-71.1363293
61321698,42.3577128,-71.1085983
61321701,42.3733999,-71.1253332
61321704,42.3740755,-71.1248905
61321709,42.3750602,-71.1295042
61321724,42.3861313,-71.1411262
61321728,42.378317,-71.155311
61321737,42.3696518,-71.1041079
61321741,42.3549532,-71.1068754
61321743,42.3552275,-71.1082179
61321745,42.368686,-71.092988
61321748,42.3555998,-71.1113131
61321754,42.365852,-71.102318
61321756,42.3650916,-71.1031702
61321761,42.364363,-71.11229
61321763,42.3660272,-71.0926436
61321765,42.3843529,-71.1147834
61321774,42.3719847,-71.0784359
61321778,42.3670584,-71.1008372
61321780,42.3672334,-71.1013134
61321782,42.394698,-71.1336031
61321786,42.3911267,-71.125696
61321791,42.3704683,-71.1020446
61321799,42.3709445,-71.0950541
61321801,42.3992404,-71.1294155
61321810,42.3851668,-71.1286304
61321812,42.3840069,-71.1311581
61321814,42.3837486,-71.1305888
61321816,42.3838283,-71.1305203
61321817,42.3766464,-71.1140866
61321823,42.3926185,-71.1275534
61321828,42.3583844,-71.1048759
61321832,42.3845453,-71.129859
61321834,42.3772252,-71.1239626
61321836,42.3770237,-71.1242444
61321840,42.3734127,-71.1333804
61321841,42.3735067,-71.1332231
61321853,42.3696119,-71.0887102
61321864,42.3748448,-71.1379724
61321866,42.372499,-71.1382909
61321867,42.3615522,-71.1002356
61321879,42.3706742,-71.0993461
61321880,42.3718333,-71.0985255
61321893,42.3594051,-71.1036312
61321943,42.36819,-71.099239
61321951,42.3675347,-71.1037816
61321953,42.367045,-71.1043203
61321955,42.3833126,-71.1169566
61321956,42.382577,-71.116961
61321968,42.3985321,-71.1411274
61321970,42.3860208,-71.1295021
61321971,42.3856172,-71.1305902
61321975,42.379164,-71.108952
61321986,42.37226,-71.1193492
61321992,42.392696,-71.124874
61321994,42.3926519,-71.1249941
61321999,42.3903039,-71.1184349
61322001,42.3793761,-71.109196
61322011,42.3939413,-71.1264234
61322020,42.372923,-71.081094
61322022,42.378622,-71.151773
61322024,42.3795017,-71.127464
61322037,42.3982974,-71.131365
61322043,42.3729347,-71.1063037
61322045,42.3732533,-71.1070271
61322052,42.3632867,-71.1105403
61322054,42.363484,-71.110573
61322056,42.3634497,-71.1108449
61322059,42.379215,-71.137804
61322085,42.3607889,-71.0853293
61322087,42.3734319,-71.1243344
61322089,42.3865807,-71.1408473
61322096,42.3678444,-71.0744507
61322104,42.3692195,-71.0731593
61322110,42.3669324,-71.0753409
61322113,42.3630497,-71.0783356
61322139,42.3894019,-71.12007
61322149,42.3900128,-71.1207189
61322151,42.389205,-71.1199121
61322152,42.3868333,-71.1192502
61322154,42.3881763,-71.1194834
61322158,42.3873597,-71.1192651
61322160,42.3862065,-71.1193138
61322162,42.3865471,-71.1192754
61322171,42.3855566,-71.119381
61322177,42.383786,-71.119569
61322180,42.3853882,-71.1193958
61322186,42.3833628,-71.1196205
61322201,42.3912026,-71.1196703
61322206,42.3745791,-71.137175
61322210,42.3750074,-71.1372079
61322232,42.3969686,-71.1276095
61322236,42.398684,-71.138016
61322240,42.3992655,-71.1388117
61322243,42.398743,-71.138785
61322249,42.399403,-71.132681
61322257,42.3994897,-71.1380221
61322272,42.3609938,-71.0992764
61322299,42.3879107,-71.1216702
61322300,42.387769,-71.129803
61322306,42.3871999,-71.1242311
61322308,42.387117,-71.131606
61322310,42.3973518,-71.1280322
61322312,42.3962132,-71.1288328
61322316,42.395774,-71.132153
61322336,42.4012963,-71.1345526
61322338,42.4005763,-71.1351093
61322343,42.4014049,-71.1330203
61322349,42.3998873,-71.13708
61322350,42.4006695,-71.1355446
61322352,42.4003642,-71.1361515
61322354,42.3598989,-71.1016971
61322356,42.400975,-71.132986
61322358,42.399979,-71.133717
61322373,42.3602449,-71.1009716
61322377,42.3604856,-71.1013657
61322379,42.3912047,-71.1227674
61322382,42.3562848,-71.1060988
61322390,42.391923,-71.121851
61322393,42.395707,-71.135269
61322397,42.3957087,-71.128251
61322399,42.3957283,-71.1342305
61322401,42.399847,-71.133426
61322403,42.396429,-71.127021
61322406,42.3988377,-71.1404307
61322411,42.394033,-71.156213
61322414,42.3946537,-71.1548039
61322419,42.3958247,-71.1263798
61322421,42.3951123,-71.1275984
61322426,42.3956885,-71.1363025
61322434,42.3940373,-71.1582127
61322437,42.4022415,-71.1347867
61322447,42.3939554,-71.1545778
61322450,42.3942631,-71.1546591
61322452,42.3753768,-71.143751
61322469,42.3711008,-71.0756715
61322473,42.3704055,-71.0708182
61322478,42.3551201,-71.1102916
61322482,42.395242,-71.131544
61322484,42.3995123,-71.1306647
61322487,42.38077,-71.131853
61322489,42.381194,-71.131997
61322491,42.381041,-71.131944
61322493,42.3714109,-71.0953422
61322495,42.3712905,-71.0944131
61322497,42.3788599,-71.1146276
61322499,42.3767033,-71.1138158
61322501,42.3867962,-71.1255938
61322508,42.3723444,-71.094824
61322510,42.3952484,-71.1308398
61322515,42.379134,-71.133842
61322522,42.3699273,-71.0962051
61322525,42.378982,-71.136335
61322531,42.3838523,-71.1396687
61322538,42.3843295,-71.1410957
61322550,42.3715693,-71.0752317
61322615,42.3769026,-71.1464446
61322622,42.3752766,-71.1457255
61322628,42.3718555,-71.0708708
61322635,42.3675245,-71.1104701
61322637,42.367736,-71.110277
61322639,42.390036,-71.126836
61322641,42.3643006,-71.1114827
61322643,42.3617854,-71.1034355
61322647,42.3616507,-71.1035659
61322648,42.3660548,-71.0983884
61322650,42.3659412,-71.0980042
61322652,42.3991654,-71.1310251
61322654,42.3795337,-71.1238066
61322693,42.3851894,-71.1317276
61322699,42.385532,-71.132215
61322703,42.386326,-71.139695
61322707,42.3866091,-71.1403453
61322714,42.3937792,-71.1293228
61322716,42.385175,-71.135308
61322751,42.3864844,-71.1600418
61322755,42.3918429,-71.1210031
61322759,42.391206,-71.1327516
61322761,42.3917658,-71.1319239
61322772,42.3925263,-71.1533854
61322773,42.3912455,-71.12919
61322778,42.3925411,-71.1264701
61322784,42.391733,-71.157485
61322791,42.393365,-71.157162
61322795,42.391732,-71.124979
61322810,42.3922529,-71.150692
61322845,42.3875856,-71.1228642
61322849,42.387267,-71.124014
61322856,42.3877951,-71.1242687
61322858,42.357083,-71.11086
61322860,42.356896,-71.110546
61322865,42.3570429,-71.1109026
61322868,42.3578887,-71.1124282
61322871,42.3614283,-71.1085241
61322874,42.3604928,-71.1072063
61322877,42.360584,-71.10711
61322880,42.360859,-71.106811
61322884,42.3620012,-71.1055563
61322898,42.3616044,-71.1059893
61322905,42.3624451,-71.1074049
61322915,42.390548,-71.154005
61322935,42.3910079,-71.1199597
61322954,42.3903178,-71.120964
61322963,42.3900506,-71.1188946
61322979,42.3901171,-71.1506635
61322981,42.390544,-71.1194401
61322985,42.3899178,-71.1204555
61322987,42.3902293,-71.1256688
61322989,42.3898646,-71.1261105
61322996,42.3957917,-71.1308549
61323022,42.3608275,-71.0960005
61323024,42.3614864,-71.1061163
61323028,42.382856,-71.131949
61323032,42.3617979,-71.0976307
61323034,42.383355,-71.133038
61323036,42.3827,-71.1273844
61323038,42.3826008,-71.1272782
61323039,42.383276,-71.132855
61323047,42.3719326,-71.0868941
61323053,42.3742781,-71.1217855
61323058,42.3721328,-71.0884504
61323062,42.3712188,-71.0889723
61323064,42.3735818,-71.1235291
61323066,42.371234,-71.0870544
61323067,42.3718342,-71.0861255
61323069,42.372111,-71.0882775
61323077,42.3889224,-71.1250252
61323088,42.3709604,-71.0939563
61323090,42.3714657,-71.0937668
61323091,42.3708691,-71.0936664
61323093,42.3712953,-71.0938299
61323097,42.3868253,-71.1408614
61323115,42.384234,-71.12197
61323126,42.3844599,-71.12138
61323129,42.3845499,-71.1267518
61323131,42.3843035,-71.1265848
61323135,42.384931,-71.1365308
61323139,42.3859004,-71.1357302
61323141,42.3850059,-71.1327925
61323151,42.3716235,-71.1348512
61323157,42.3737965,-71.1241165
61323159,42.3741032,-71.1237091
61323168,42.3735009,-71.1232981
61323173,42.383629,-71.116084
61323175,42.3833502,-71.1408779
61323177,42.3835256,-71.1423663
61323179,42.3831053,-71.1421388
61323187,42.3838469,-71.1340897
61323190,42.3846,-71.135794
61323192,42.384977,-71.131444
61323198,42.3841997,-71.1302072
61323200,42.384332,-71.116094
61323206,42.3838642,-71.1293158
61323209,42.383838,-71.1358651
61323213,42.384376,-71.133488
61323215,42.3840191,-71.1362465
61323217,42.384005,-71.114441
61323220,42.384007,-71.1255472
61323222,42.3844493,-71.1242141
61323226,42.3845272,-71.1258517
61323229,42.3838608,-71.1227892
61323233,42.386351,-71.126943
61323235,42.386608,-71.126176
61323237,42.387402,-71.1275571
61323264,42.386658,-71.129619
61323266,42.386824,-71.129186
61323271,42.387642,-71.126797
61323280,42.38513,-71.130263
61323284,42.3868257,-71.1191157
61323288,42.3867677,-71.1180475
61323290,42.383461,-71.129777
61323295,42.381415,-71.1357956
61323297,42.382523,-71.13555
61323303,42.381486,-71.134973
61323306,42.38306,-71.120958
61323310,42.3786031,-71.1509653
61323312,42.3616603,-71.0798171
61323319,42.3711187,-71.1161148
61323340,42.3700121,-71.1167567
61323347,42.3696369,-71.115843
61323368,42.3725797,-71.0851459
61323369,42.369778,-71.092557
61323375,42.371758,-71.0855325
61323380,42.37,-71.093395
61323386,42.3706325,-71.0929137
61323417,42.3863788,-71.1343407
61323436,42.3883265,-71.1254464
61323441,42.3566462,-71.1067238
61323443,42.3823229,-71.1281424
61323451,42.3570626,-71.1074423
61323453,42.3570226,-71.1073753
61323462,42.3688096,-71.0903481
61323466,42.369068,-71.0902005
61323468,42.3694162,-71.0913928
61323481,42.3700267,-71.0910364
61323489,42.3696664,-71.0898588
61323495,42.3706678,-71.090667
61323500,42.3658987,-71.0984781
61323504,42.366499,-71.100395
61323506,42.366972,-71.100064
61323525,42.386862,-71.1410079
61323536,42.377535,-71.149058
61323538,42.3772943,-71.1441491
61323544,42.3773339,-71.1429898
61323548,42.3777099,-71.1428715
61323551,42.377526,-71.142083
61323557,42.3771797,-71.1415047
61323564,42.379565,-71.13129
61323566,42.381837,-71.130055
61323574,42.37733,-71.154007
61323583,42.377201,-71.151892
61323587,42.3770136,-71.1123394
61323589,42.3769466,-71.1126581
61323593,42.377124,-71.149355
61323597,42.3819561,-71.1141549
61323601,42.3812,-71.1136305
61323605,42.381361,-71.136559
61323638,42.3805137,-71.1359954
61323671,42.3811388,-71.1288696
61323714,42.3833,-71.13468
61323716,42.383218,-71.136886
61323718,42.382726,-71.133412
61323720,42.3828971,-71.1361778
61323725,42.3827095,-71.1419985
61323727,42.381513,-71.112142
61323733,42.381782,-71.13899
61323735,42.3830433,-71.1161594
61323748,42.382833,-71.135198
61323750,42.3825727,-71.1162092
61323754,42.3814275,-71.1330402
61323757,42.3815276,-71.1341063
61323765,42.3822301,-71.122664
61323770,42.3815545,-71.140232
61323772,42.3821092,-71.1337867
61323774,42.382003,-71.131547
61323778,42.3814862,-71.132234
61323789,42.3640831,-71.0801809
61323791,42.3638831,-71.0965909
61323856,42.3646919,-71.1003641
61323866,42.3662112,-71.1141124
61323890,42.3654475,-71.0911326
61323944,42.3712543,-71.1199105
61323949,42.3705138,-71.1204539
61323951,42.3704253,-71.1205188
61323953,42.3711967,-71.1199318
61323964,42.3669627,-71.0755598
61323969,42.3672378,-71.0777194
61324037,42.3939305,-71.1418168
61324046,42.3781589,-71.1448237
61324052,42.3781187,-71.1539309
61324055,42.3780951,-71.1531653
61324059,42.378933,-71.1483376
61324061,42.378084,-71.148775
61324063,42.3779634,-71.1078095
61324065,42.378899,-71.153761
61324067,42.3786507,-71.1261757
61324081,42.3778298,-71.1450749
61324083,42.3776343,-71.1093881
61324085,42.3779042,-71.1081276
61324087,42.3778779,-71.1206485
61324090,42.377842,-71.1301651
61324096,42.378908,-71.13084
61324107,42.3789779,-71.1241833
61324128,42.3768789,-71.1076861
61324130,42.37695,-71.1082915
61324136,42.378056,-71.125114
61324138,42.3782756,-71.1106158
61324139,42.378327,-71.133611
61324153,42.3787714,-71.1245208
61324159,42.378598,-71.13196
61324161,42.399976,-71.133945
61324168,42.3659845,-71.1046742
61324181,42.3715564,-71.1091294
61324183,42.399467,-71.132965
61324187,42.371887,-71.110305
61324192,42.376773,-71.127604
61324194,42.3771874,-71.1283437
61324202,42.3887582,-71.1243349
61324217,42.3638666,-71.0785374
61324221,42.3667542,-71.1038323
61324241,42.376491,-71.126735
61324245,42.363234,-71.0786621
61324264,42.3771722,-71.1115849
61324278,42.377753,-71.153988
61324314,42.3773801,-71.1105958
61324351,42.3723247,-71.1086101
61324362,42.3743864,-71.1201563
61324372,42.3708124,-71.109606
61324405,42.3765436,-71.111502
61324409,42.3751387,-71.1191373
61324412,42.374161,-71.1188693
61324414,42.3761506,-71.1407648
61324418,42.3748574,-71.1330714
61324420,42.375312,-71.151415
61324430,42.3748281,-71.1325985
61324432,42.3747742,-71.1088288
61324440,42.3749779,-71.1524726
61324445,42.3727564,-71.0932778
61324449,42.3728341,-71.1233278
61324458,42.3737725,-71.0929515
61324462,42.3749429,-71.139746
61324466,42.374932,-71.1100615
61324469,42.37418,-71.098633
61324471,42.3751315,-71.1247859
61324475,42.3730589,-71.1399614
61324477,42.3728963,-71.1171159
61324488,42.3732296,-71.1389042
61324490,42.3729469,-71.1217661
61324492,42.3730857,-71.1221833
61324495,42.3728931,-71.1213747
61324503,42.3731211,-71.1179145
61324505,42.37342,-71.126798
61324508,42.3731027,-71.1263282
61324516,42.3742981,-71.1254981
61324518,42.3733859,-71.0981456
61324526,42.373021,-71.0953206
61324528,42.3730061,-71.0887897
61324532,42.372918,-71.088079
61324540,42.3734392,-71.0879448
61324542,42.3730442,-71.1050176
61324551,42.3953152,-71.1485278
61324562,42.3638633,-71.1088434
61324566,42.3636317,-71.1086703
61324570,42.389821,-71.130106
61324595,42.3548194,-71.1083532
61324632,42.3559603,-71.0991557
61324636,42.3553541,-71.0987844
61324736,42.3677286,-71.1035318
61324738,42.367792,-71.103469
61324740,42.375365,-71.1134133
61324742,42.3752765,-71.1127309
61324744,42.3759382,-71.1125777
61324745,42.375402,-71.1260056
61324749,42.3762389,-71.1256427
61324751,42.375454,-71.130493
61324755,42.3754666,-71.1500428
61324756,42.3762107,-71.1502491
61324771,42.3755785,-71.1092551
61324775,42.3759215,-71.1244793
61324777,42.375516,-71.1086584
61324779,42.3755538,-71.1234069
61324783,42.3762497,-71.1235554
61324786,42.3755998,-71.1282235
61324788,42.3758016,-71.1290176
61324790,42.3758901,-71.1420956
61324792,42.3757382,-71.1428554
61324794,42.3758735,-71.1324692
61324795,42.37629,-71.1324113
61324804,42.375719,-71.110958
61324807,42.376754,-71.106571
61324812,42.377678,-71.129306
61324817,42.37675,-71.130315
61324819,42.3767328,-71.1299787
61324829,42.3768179,-71.1372967
61324842,42.376837,-71.107356
61324847,42.378844,-71.13788
61324855,42.3739489,-71.1214997
61324858,42.3752127,-71.1122389
61324860,42.3738608,-71.0978073
61324864,42.3743588,-71.0974525
61324866,42.373974,-71.1127844
61324868,42.3749982,-71.1283823
61324870,42.3746506,-71.1078797
61324878,42.3743717,-71.1136153
61324889,42.3748648,-71.1513164
61324891,42.3745413,-71.1070399
61324897,42.3751709,-71.131128
61324902,42.3748782,-71.1392761
61324905,42.3747106,-71.1083403
61324909,42.3747684,-71.1316071
61325188,42.3743769,-71.1382624
61325354,42.3756066,-71.1415179
61325357,42.3759879,-71.1415864
61325420,42.372052,-71.1142345
61325426,42.372605,-71.081175
61325428,42.3719839,-71.1185717
61325432,42.3723093,-71.115147
61325436,42.3722095,-71.0989836
61325438,42.3725991,-71.0987061
61325439,42.3725686,-71.0918297
61325452,42.3716489,-71.0951942
61325454,42.3715562,-71.0948628
61325456,42.3722676,-71.1400181
61325463,42.3720757,-71.0935351
61325469,42.3727979,-71.1206937
61325472,42.3738408,-71.1124448
61325478,42.3743271,-71.1015491
61325480,42.3738145,-71.1013089
61325485,42.3744177,-71.1060912
61325487,42.3737263,-71.1066414
61325493,42.3727673,-71.1097285
61325507,42.3719327,-71.1345887
61325510,42.3718436,-71.1073944
61325511,42.3717248,-71.0796841
61325516,42.3718446,-71.1134251
61325521,42.3716228,-71.1068365
61325523,42.3716088,-71.1169247
61325525,42.3713261,-71.1060866
61325527,42.3713759,-71.1159805
61325530,42.3715837,-71.1157013
61325538,42.3711468,-71.1079015
61325540,42.3714443,-71.1188878
61325542,42.3715864,-71.0901378
61325543,42.3709386,-71.1072772
61325545,42.3712401,-71.0815006
61325553,42.3716402,-71.1209261
61325559,42.371455,-71.1120092
61325563,42.3723141,-71.1114383
61325581,42.3714231,-71.1019818
61325588,42.3708649,-71.0785932
61325590,42.3707606,-71.1151546
61325606,42.373207,-71.1108394
61325608,42.3726977,-71.1164118
61325612,42.3709565,-71.0849507
61325614,42.3707466,-71.0833077
61325617,42.3714138,-71.1211151
61325623,42.3714509,-71.0831418
61325626,42.370781,-71.093386
61325634,42.3711417,-71.110807
61325635,42.3717479,-71.1130633
61325830,42.3734797,-71.100537
61325841,42.3735166,-71.099151
61325849,42.3737484,-71.0903637
61325856,42.3735832,-71.0996684
61325858,42.3736874,-71.1005288
61325933,42.354779,-71.1004929
61326015,42.3698414,-71.1344347
61326039,42.370171,-71.134375
61326047,42.3699222,-71.134775
61326058,42.3564382,-71.0946076
61326067,42.3747134,-71.1381791
61326095,42.3714154,-71.1338205
61326119,42.365455,-71.1425396
61326139,42.3728936,-71.1344366
61326145,42.357907,-71.0902144
61326151,42.3695865,-71.1348233
61326378,42.371656,-71.096169
61326469,42.3845627,-71.1416892
61326478,42.3614864,-71.0799523
61326547,42.3755855,-71.1436145
61326551,42.3858386,-71.1192232
61326573,42.400291,-71.134453
61326583,42.367365,-71.084096
61326588,42.3674969,-71.0963803
61326592,42.3678848,-71.0973665
61326594,42.3680382,-71.0839385
61326600,42.3679554,-71.0937998
61326604,42.368312,-71.092866
61326606,42.368702,-71.083781
61326609,42.368116,-71.07924
61326611,42.3687946,-71.0790855
61326613,42.3685259,-71.0989967
61326615,42.368116,-71.092134
61326619,42.3693311,-71.0975414
61326621,42.368306,-71.110746
61326623,42.3682054,-71.0981818
61326628,42.3677647,-71.1110854
61326632,42.3672332,-71.11141
61326634,42.366093,-71.079712
61326647,42.3913398,-71.1192886
61326649,42.367122,-71.0954273
61326691,42.3951909,-71.1405697
61326700,42.3694043,-71.0736947
61326706,42.370677,-71.106493
61326713,42.3699458,-71.0770944
61326719,42.3701584,-71.0787532
61326730,42.369982,-71.110182
61326732,42.3691635,-71.0915338
61326736,42.3694614,-71.1050389
61326743,42.3695741,-71.1118566
61326745,42.371692,-71.092336
61326758,42.3705081,-71.1144397
61326764,42.3674525,-71.079379
61326771,42.3678314,-71.0878931
61326773,42.367274,-71.109984
61326775,42.3677916,-71.1094301
61326778,42.3693231,-71.1010237
61326782,42.3671373,-71.0880578
61326784,42.3693968,-71.0836219
61326788,42.369285,-71.113448
61326791,42.3674303,-71.1070104
61326813,42.3673368,-71.0946634
61326817,42.3679188,-71.0775599
61326819,42.3673706,-71.1024078
61326821,42.3677063,-71.095193
61326910,42.3698686,-71.0874071
61326914,42.3705538,-71.0872293
61326916,42.3704462,-71.0864528
61326918,42.3698498,-71.0818124
61326926,42.370064,-71.0834649
61326928,42.3704801,-71.0968865
61326930,42.370534,-71.08166
61326938,42.36975,-71.105859
61326940,42.3697659,-71.0866133
61326941,42.370132,-71.105494
61326943,42.3703732,-71.0858498
61326945,42.3696882,-71.0860087
61326949,42.3627203,-71.109745
61326955,42.362227,-71.105308
61326958,42.3617712,-71.1081468
61326960,42.3623916,-71.1002034
61326972,42.3623391,-71.0788447
61326974,42.3620553,-71.1105291
61326975,42.3613811,-71.1129808
61326977,42.3611871,-71.0988265
61326981,42.3612451,-71.1087257
61326985,42.3619421,-71.1079586
61326987,42.3620454,-71.1113959
61326988,42.361095,-71.1125183
61327007,42.3644345,-71.1020703
61327018,42.3651132,-71.1138014
61327020,42.36455,-71.1130959
61327022,42.3643983,-71.0847663
61327028,42.361092,-71.106556
61327031,42.3610374,-71.0955375
61327033,42.3609107,-71.1090938
61327037,42.3644833,-71.1138919
61327065,42.363418,-71.101932
61327067,42.3640176,-71.1013727
61327069,42.3639366,-71.0990984
61327071,42.364165,-71.10318
61327080,42.3635693,-71.1097086
61327085,42.3635401,-71.1061998
61327087,42.3641635,-71.0994827
61327089,42.3643221,-71.1074708
61327096,42.3639863,-71.1057086
61327098,42.3631341,-71.1109896
61327100,42.362341,-71.111857
61327104,42.3622778,-71.1075891
61327106,42.3658866,-71.1060367
61327113,42.3632673,-71.0975105
61327115,42.3632142,-71.1091503
61327117,42.3638221,-71.1137794
61327121,42.3632071,-71.0967081
61327122,42.3636538,-71.1037349
61327134,42.3653278,-71.1115491
61327141,42.3658781,-71.07804
61327143,42.365457,-71.112854
61327145,42.3654,-71.1066162
61327155,42.3649009,-71.1090063
61327169,42.3650925,-71.0827668
61327172,42.36539,-71.110873
61327180,42.364726,-71.1025592
61327185,42.364825,-71.1098917
61327190,42.3668222,-71.0972971
61327212,42.3662965,-71.0917831
61327224,42.3653523,-71.1121934
61327238,42.3652327,-71.1012764
61327252,42.3645378,-71.0783574
61327262,42.364745,-71.0800048
61327276,42.3645051,-71.1051376
61327302,42.3649029,-71.1057975
61327311,42.3645801,-71.1066988
61327313,42.366816,-71.110411
61327315,42.366669,-71.110146
61327317,42.3667681,-71.0795412
61327318,42.3665632,-71.0778774
61327320,42.3677535,-71.1147167
61327322,42.3679398,-71.1135187
61327328,42.3670307,-71.0816315
61327330,42.3666537,-71.0968571
61327333,42.3663837,-71.0819996
61327335,42.3666456,-71.1073192
61327337,42.3672113,-71.1066473
61327339,42.3665221,-71.0965379
61327341,42.36701,-71.1063302
61327343,42.367114,-71.111104
61327348,42.3664209,-71.1053999
61327350,42.366375,-71.0982045
61327354,42.3666855,-71.084265
61327356,42.3669905,-71.0978511
61327363,42.366385,-71.108316
61327402,42.3988638,-71.131927
61327413,42.4007323,-71.1354431
61327428,42.3777788,-71.1200699
61327432,42.3888166,-71.1195428
61327437,42.389451,-71.1199828
61327443,42.3657096,-71.0767703
61327457,42.3983652,-71.1414576
61327504,42.3971661,-71.1412599
61327517,42.3825885,-71.1195831
61327521,42.3728402,-71.0997548
61327535,42.3708147,-71.1047946
61327545,42.3705925,-71.1042331
61327573,42.3630888,-71.1111227
61327575,42.3635254,-71.1114045
61327586,42.3721978,-71.0889566
61327588,42.3752526,-71.1459115
61327617,42.3893739,-71.1286952
61327626,42.3578228,-71.1125011
61327630,42.3643712,-71.0973407
61327632,42.3742943,-71.1051431
61327634,42.3583885,-71.1118746
61327635,42.3566916,-71.0947542
61327649,42.3891562,-71.145997
61327663,42.3599749,-71.1052898
61327681,42.384334,-71.115058
61327700,42.3743939,-71.1059084
61327715,42.385678,-71.121094
61327728,42.3847838,-71.1183273
61327730,42.3848278,-71.1193365
61327740,42.384759,-71.131162
61327755,42.40262,-71.1344511
61327781,42.3650402,-71.0970899
61327783,42.363925,-71.0974599
61327785,42.393461,-71.150387
61327813,42.374077,-71.1034531
61327815,42.373418,-71.103937
61327819,42.3711885,-71.1057391
61327823,42.3572345,-71.0950822
61327840,42.3750381,-71.1530997
61327842,42.3750097,-71.1528272
61328014,42.3605971,-71.1046346
61328016,42.3607194,-71.1045058
61328018,42.3604049,-71.1096505
61328029,42.3601424,-71.1127706
61328031,42.3598741,-71.1030592
61328036,42.3596532,-71.1119244
61328038,42.360057,-71.107667
61328051,42.3658023,-71.0920732
61328055,42.3612644,-71.1114621
61328057,42.3607891,-71.1120357
61328059,42.3669029,-71.09487
61328060,42.3586352,-71.1067005
61328062,42.3611147,-71.1040784
61328066,42.3607572,-71.1092627
61328068,42.3617379,-71.1109105
61328070,42.3591113,-71.1110773
61328072,42.3586446,-71.110244
61328079,42.3622044,-71.084223
61328085,42.3630743,-71.1067124
61328087,42.3625119,-71.1049909
61328089,42.3620639,-71.0996629
61328091,42.3624299,-71.1100895
61328095,42.362231,-71.1103161
61328101,42.359842,-71.112251
61328103,42.3590939,-71.1130442
61328105,42.3594165,-71.1135681
61328107,42.3602606,-71.0973002
61328115,42.3595507,-71.1082265
61328117,42.358999,-71.108813
61328119,42.3591526,-71.1061557
61328128,42.3614866,-71.115968
61328155,42.383072,-71.128199
61328160,42.3973581,-71.1332593
61328161,42.3769539,-71.1225322
61328166,42.3773026,-71.1228492
61328171,42.3537574,-71.103619
61328175,42.354295,-71.1103979
61328189,42.3685798,-71.1135121
61328201,42.3676733,-71.0810979
61328222,42.3534431,-71.1071323
61328279,42.383381,-71.113663
61328294,42.3837819,-71.1194444
61328309,42.3698639,-71.1047141
61328337,42.3676079,-71.0942882
61328344,42.3552198,-71.1063262
61328373,42.3684343,-71.0919515
61328376,42.3687543,-71.0917673
61328398,42.3777158,-71.1255106
61328402,42.377707,-71.1255126
61328420,42.377715,-71.1276841
61328432,42.3652204,-71.1159938
61328439,42.3657465,-71.1148425
61328452,42.3658057,-71.1159405
61328458,42.366194,-71.101368
61328461,42.3651734,-71.1150026
61328464,42.3651426,-71.1143573
61328503,42.366403,-71.101898
61328549,42.3678253,-71.0822815
61328597,42.3677829,-71.1163563
61328707,42.363017,-71.107646
61328790,42.3757124,-71.1530147
61328794,42.3751069,-71.1538348
61328797,42.3749428,-71.1239356
61328799,42.3750623,-71.1364252
61328810,42.3749932,-71.1352839
61328815,42.3750463,-71.129061
61328830,42.3761417,-71.1373839
61328834,42.3759309,-71.1295273
61328835,42.3764556,-71.1293058
61328837,42.3750647,-71.1110981
61328839,42.3761396,-71.130393
61328858,42.3775211,-71.1315533
61328873,42.3776526,-71.1231571
61328896,42.3792446,-71.1444011
61328898,42.3764222,-71.1077935
61328900,42.3749638,-71.1480182
61328905,42.3768541,-71.1482806
61328907,42.3743833,-71.1241292
61328926,42.3741096,-71.138833
61328936,42.3744374,-71.1264266
61328938,42.3744122,-71.1219024
61328947,42.374447,-71.123161
61328950,42.3744784,-71.1269413
61329005,42.3763373,-71.139761
61329009,42.3761877,-71.1333951
61329014,42.3773769,-71.133709
61329035,42.3765876,-71.1384942
61329043,42.37642,-71.126443
61329055,42.3749286,-71.1342322
61329057,42.3758524,-71.134512
61329065,42.3715644,-71.0784386
61329079,42.3716833,-71.0779924
61329099,42.3723023,-71.0897783
61329105,42.3722381,-71.0976583
61329118,42.3716618,-71.0847839
61329131,42.3758015,-71.152374
61329137,42.3724869,-71.0911976
61329139,42.3724175,-71.0906605
61329142,42.3756438,-71.1162172
61329172,42.3725593,-71.0798032
61329176,42.3731397,-71.0962371
61329178,42.3732095,-71.122531
61329188,42.3732078,-71.0904843
61329191,42.3725364,-71.1225472
61329199,42.3734641,-71.119359
61329201,42.3704621,-71.1134452
61329208,42.370076,-71.1029281
61329225,42.3702771,-71.0851089
61329240,42.3687205,-71.1135054
61329241,42.3692682,-71.0772508
61329243,42.3685733,-71.0774066
61329260,42.3706598,-71.0881004
61329262,42.3710284,-71.0798526
61329264,42.3710541,-71.0856908
61329266,42.371018,-71.0975335
61329273,42.3705386,-71.1060136
61329277,42.372555,-71.112119
61329285,42.3732497,-71.0970873
61329290,42.369482,-71.078913
61329294,42.3696439,-71.0944521
61329307,42.3711332,-71.0862903
61329346,42.3789558,-71.1487193
61329350,42.3791891,-71.1501207
61329356,42.382068,-71.1417717
61329371,42.3816801,-71.1297818
61329402,42.3793589,-71.1505121
61329446,42.3794236,-71.1256525
61329472,42.3767231,-71.1448023
61329483,42.3766768,-71.1440986
61329487,42.3806935,-71.1412918
61329491,42.3809253,-71.1424829
61329509,42.3808124,-71.1334627
61329511,42.380821,-71.134156
61329531,42.377288,-71.1344025
61329532,42.378103,-71.134666
61329534,42.377424,-71.1333801
61329556,42.3770361,-71.1431092
61329574,42.3669112,-71.092533
61329577,42.3669078,-71.0858945
61329608,42.3735169,-71.1219405
61329615,42.3733691,-71.1198973
61329632,42.3639033,-71.1011828
61329634,42.377523,-71.132466
61329637,42.3947582,-71.1308284
61329643,42.3934081,-71.1308124
61329647,42.3602822,-71.1097855
61329649,42.3964844,-71.130873
61329650,42.3689128,-71.0820316
61329665,42.37569,-71.130461
61329798,42.3698161,-71.0713744
61329812,42.3613451,-71.0984637
61329818,42.3616273,-71.0789557
61329824,42.361695,-71.113462
61329844,42.3629644,-71.0996101
61329857,42.3625829,-71.0882069
61329862,42.3624257,-71.0953482
61329864,42.362695,-71.104792
61329877,42.393629,-71.158084
61329879,42.359835,-71.1102888
61329896,42.3971928,-71.1411696
61329925,42.3977579,-71.1321645
61329927,42.3974223,-71.1342938
61329931,42.3974873,-71.1353414
61329935,42.3979817,-71.1296164
61329938,42.3975449,-71.136362
61329942,42.3980968,-71.1412447
61329961,42.3989256,-71.1321791
61329962,42.3985726,-71.1332827
61329966,42.3986327,-71.1370517
61329968,42.3985698,-71.1360969
61329970,42.3986553,-71.1342515
61329985,42.3882009,-71.1289452
61329987,42.3884656,-71.1281635
61329988,42.3886347,-71.1236337
61329994,42.3887746,-71.1283401
61329998,42.3884162,-71.1223931
61330009,42.3905439,-71.1215577
61330013,42.3891945,-71.1227083
61330016,42.3918008,-71.1238354
61330020,42.3934455,-71.1320439
61330022,42.3918037,-71.1306679
61330026,42.3925058,-71.1246545
61330029,42.3925962,-71.1252781
61330039,42.3927308,-71.1280186
61330048,42.3934196,-71.1287652
61330050,42.3933377,-71.1284118
61330072,42.3936985,-71.1261528
61330081,42.3859202,-71.1234739
61330085,42.3861785,-71.1309867
61330091,42.385962,-71.13887
61330092,42.3855571,-71.1271917
61330106,42.3880146,-71.1235273
61330107,42.3879678,-71.1213563
61330128,42.3862657,-71.122107
61330139,42.38241,-71.131023
61330207,42.383484,-71.114592
61330217,42.383523,-71.115044
61330219,42.3833849,-71.1202729
61330248,42.383581,-71.138604
61330263,42.38104,-71.1329617
61330278,42.3809368,-71.1400241
61330284,42.3821899,-71.120238
61330289,42.38117,-71.138776
61330297,42.395735,-71.133491
61330310,42.3711123,-71.0766835
61330315,42.3731687,-71.0810088
61330319,42.3717663,-71.0782092
61330378,42.3844608,-71.1193757
61330412,42.3665927,-71.1007929
61330442,42.3628985,-71.1127178
61330445,42.3781082,-71.1399185
61330447,42.3780106,-71.1403462
61330464,42.3902575,-71.1210521
61330468,42.3663441,-71.1008989
61330470,42.3689653,-71.082458
61330486,42.376057,-71.143326
61330514,42.376288,-71.143854
61330540,42.3841105,-71.1176697
61330555,42.3675206,-71.1058333
61330577,42.3917309,-71.1239287
61330591,42.3619102,-71.103991
61330593,42.3622991,-71.104637
61330595,42.3680789,-71.1032604
61330599,42.3881624,-71.1290576
61330610,42.390127,-71.131825
61330640,42.3696939,-71.1031782
61330641,42.399869,-71.130796
61330688,42.3614674,-71.0801823
61330709,42.386528,-71.130002
61330713,42.3913304,-71.1232788
61330715,42.3914076,-71.1231968
61330797,42.3594034,-71.1095239
61331751,42.3741256,-71.1360242
61331756,42.3582717,-71.1095868
61331770,42.3734698,-71.1349354
61331783,42.362664,-71.100651
61331802,42.3712991,-71.0875688
61331824,42.3614033,-71.0969681
61331830,42.3611122,-71.0843674
61331832,42.3612422,-71.1039695
61331837,42.3577334,-71.1066058
61331841,42.357913,-71.111038
61331842,42.3578714,-71.1054213
61331850,42.3559013,-71.1075157
61331888,42.3603542,-71.1024737
61331901,42.3602244,-71.1050271
61331916,42.3768583,-71.1466231
61331926,42.3689074,-71.0735858
61331982,42.3842552,-71.1203602
61332018,42.399344,-71.132761
61332020,42.394056,-71.128991
61332030,42.3730069,-71.1036774
61332035,42.3861405,-71.1199517
61332037,42.3853505,-71.1274202
61332039,42.3945873,-71.1297387
61332041,42.3700397,-71.0954862
61332043,42.3699412,-71.0951764
61332052,42.3770009,-71.1089892
61332054,42.3925903,-71.1302279
61332060,42.3708267,-71.1018817
61332078,42.3757332,-71.131101
61332151,42.3930485,-71.1252674
61332243,42.3745474,-71.1501137
61332264,42.3775463,-71.1256034
61332281,42.3770893,-71.1510319
61332285,42.3720987,-71.1109471
61332320,42.3771212,-71.1246532
61332340,42.388799,-71.141078
61332347,42.3745636,-71.1050664
61332353,42.3777728,-71.1368038
61332356,42.3734071,-71.1032213
61332428,42.375077,-71.1378367
61332443,42.370191,-71.1045044
61332447,42.3605271,-71.1115903
61332465,42.3970441,-71.1299179
61332500,42.3740865,-71.1265303
61332515,42.396116,-71.131526
61332549,42.3954909,-71.1334805
61332553,42.3654701,-71.0982351
61332558,42.3762031,-71.1115733
61332566,42.3985227,-71.1351975
61332586,42.3682838,-71.1147012
61332620,42.4004962,-71.1351684
61332629,42.3761076,-71.1108506
61332640,42.376815,-71.132383
61332703,42.3602199,-71.1119135
61332712,42.399716,-71.1303592
61332727,42.3947704,-71.1278807
61332730,42.3949625,-71.1275747
61332737,42.3682832,-71.1141842
61332746,42.3896244,-71.1317901
61332756,42.3615573,-71.1043294
61332795,42.3774672,-71.1413459
61332838,42.3861842,-71.1290884
61332853,42.3861481,-71.129032
61332858,42.3864254,-71.1284347
61332938,42.3783055,-71.1131057
61332946,42.3761815,-71.144895
61332985,42.3838435,-71.1312748
61332994,42.3987751,-71.1312705
61332998,42.3928236,-71.1264425
61333001,42.3591177,-71.1098174
61333005,42.3713357,-71.0878577
61333016,42.3898266,-71.1215707
61333169,42.3813555,-71.1313038
61333295,42.3952202,-71.1544565
61333300,42.3775919,-71.1264661
61333358,42.3649931,-71.086178
61333510,42.3789122,-71.1450355
61333553,42.3665838,-71.0881891
61333558,42.3672519,-71.0912376
61333571,42.3912613,-71.1309671
61333594,42.3703991,-71.1037445
61333650,42.379828,-71.15357
61333651,42.3796358,-71.1531921
61333655,42.3793338,-71.1531119
61333670,42.3693234,-71.1146409
61333688,42.3640411,-71.1083116
61333698,42.3618942,-71.0968941
61333718,42.3787124,-71.1453384
61333798,42.3815351,-71.1344484
61333809,42.393388,-71.1310276
61333815,42.3929793,-71.12902
61333828,42.3909503,-71.1570724
61333833,42.3896143,-71.1481212
61333888,42.3834543,-71.1378082
61333902,42.3908724,-71.1566886
61333919,42.3844978,-71.121204
61333938,42.3834751,-71.1236298
61333959,42.3763295,-71.1089349
61333964,42.3762792,-71.1084624
71921746,42.3763341,-71.1053723
71922831,42.3767181,-71.1057908
71948472,42.3768215,-71.1058994
71949065,42.382719,-71.113214
75224819,42.376191,-71.154701
75235297,42.388732,-71.157381
82799639,42.3717828,-71.1176324
269964951,42.3722732,-71.096741
276249698,42.3576356,-71.1136191
276252929,42.3534977,-71.1083535
277666264,42.3610787,-71.078815
277667224,42.3614614,-71.0797189
277667346,42.3620912,-71.0788922
278938832,42.3698268,-71.0697464
278949259,42.369759,-71.0740737
278950328,42.3703265,-71.0754433
279149791,42.3976055,-71.1372253
282405331,42.371555,-71.0783013
286557423,42.3744562,-71.1188492
313974302,42.3607963,-71.0853101
314502508,42.3758594,-71.114256
318643754,42.3703503,-71.1036211
365950922,42.3755725,-71.1147667
387908358,42.388192,-71.1193422
460211135,42.3746977,-71.1496079
469291334,42.3895561,-71.123902
469402813,42.3735507,-71.1117079
540399232,42.3608894,-71.1033789
540399235,42.3624221,-71.1017065
540399260,42.3612363,-71.1025385
544110086,42.3917884,-71.1404611
558677508,42.3608297,-71.1018846
560838097,42.3715499,-71.0972124
564527477,42.3621513,-71.1012208
567777297,42.3591224,-71.1139444
568123402,42.3576304,-71.10369
568128732,42.3598503,-71.1061328
568218934,42.3557937,-71.0965361
568218971,42.3560533,-71.0966905
568219843,42.3559095,-71.0961755
581621478,42.3643107,-71.1160673
614371129,42.3693442,-71.114252
621088965,42.3733338,-71.1031716
621112719,42.3733739,-71.1229618
621117317,42.3644572,-71.0973138
625102161,42.3684284,-71.0943755
625107838,42.3673422,-71.0925516
634897719,42.3938448,-71.140492
634899080,42.3879725,-71.1429042
634899414,42.3882833,-71.1436877
634899420,42.3886735,-71.1435869
723358475,42.3642093,-71.0895135
941442904,42.3748109,-71.1384331
941834416,42.3788014,-71.1468634
945806832,42.3649656,-71.081758
997441938,42.3737767,-71.1266217
1001516277,42.3722058,-71.1155943
1009702849,42.3573652,-71.0927292
1052736143,42.3617848,-71.0796524
1052761909,42.3626521,-71.084407
1052777503,42.3639678,-71.0874881
1053454370,42.36479,-71.0894028
1053508694,42.3661731,-71.0860637
1053541747,42.3650954,-71.0782083
1053541749,42.3654077,-71.0798549
1053541757,42.364973,-71.0772119
1053541761,42.3660057,-71.0844203
1053541762,42.3650531,-71.0773702
1053541764,42.3648862,-71.0772952
1053541773,42.3657342,-71.0823709
1053541775,42.364971,-71.0774506
1053541777,42.3653096,-71.0798771
1053541778,42.3656342,-71.0824513
1053541779,42.3651956,-71.0781942
1068730291,42.3868444,-71.1409012
1077645749,42.3886634,-71.1194851
1078210009,42.3889133,-71.1183963
1092493173,42.394663,-71.1422405
1092493904,42.3968759,-71.1410643
1092493914,42.3965397,-71.1432266
1092555148,42.3794021,-71.1530612
1092559826,42.3799058,-71.1529227
1092559865,42.3803749,-71.1537699
1092559890,42.3801586,-71.1526864
1092645782,42.394601,-71.1422093
1092645783,42.3946405,-71.1410444
1092645789,42.3946645,-71.1405314
1092645792,42.3947076,-71.1412567
1092645795,42.3947468,-71.1405338
1092645798,42.3947184,-71.141023
1092777749,42.3964291,-71.1420952
1092777753,42.3950799,-71.141413
1092777772,42.396204,-71.14301
1097147088,42.3774452,-71.1223664
1116467478,42.3869665,-71.1412989
1144127685,42.3563985,-71.1069872
1169038890,42.3747213,-71.1502674
1184820759,42.3727527,-71.1368944
1220427140,42.3682077,-71.0798631
1220628101,42.370471,-71.0734131
1271546156,42.3962529,-71.1332161
1271546158,42.3962749,-71.1321775
1330240856,42.3845961,-71.1413494
1331632692,42.3979863,-71.1322384
1331632703,42.3984463,-71.1315617
1400112145,42.3826638,-71.1217504
1400112148,42.3827123,-71.1216475
1418792729,42.3908839,-71.1572313
1418826592,42.3884759,-71.1431233
1421366892,42.3940418,-71.1402074
1469359665,42.3691257,-71.0901676
1469359670,42.3703073,-71.0894929
1469359717,42.3697563,-71.0898075
1469359719,42.3703737,-71.0894549
1480173294,42.4015849,-71.1352323
1525023004,42.3700692,-71.0726231
1530477577,42.3712027,-71.0766207
1548095784,42.3639496,-71.0834159
1572160627,42.393222,-71.1350636
1636232447,42.3942248,-71.1405244
1705790246,42.3574298,-71.1037017
1708499172,42.3726556,-71.0925008
1708499291,42.3736289,-71.0922776
1708499361,42.3737048,-71.0923503
1722449464,42.3624122,-71.1056141
1722449465,42.3621038,-71.1058894
1797776954,42.3964969,-71.1429501
1839951958,42.372568,-71.1201539
1839951959,42.3721639,-71.1204901
1881894609,42.3716561,-71.0943809
1881894769,42.3721027,-71.0940363
1986708487,42.3562107,-71.0962494
1986708490,42.3571125,-71.0925687
2014367508,42.373051,-71.0864644
2049832619,42.3725547,-71.1160318
2103426786,42.3731519,-71.1218735
2322627266,42.3856014,-71.1347538
2338815692,42.3700494,-71.1132047
2396898923,42.3622846,-71.0838224
2472342376,42.3555599,-71.1131157
2559934204,42.3753582,-71.1185274
2559968283,42.3818034,-71.1197985
2559968287,42.3799866,-71.119867
2559968298,42.380855,-71.1197795
2559968299,42.3799929,-71.1199864
2559968303,42.3808358,-71.1198891
2559968311,42.3817614,-71.1196714
2559968314,42.3822346,-71.1197505
2562483347,42.3798186,-71.116503
2562483349,42.3808561,-71.1163943
2562483350,42.3815738,-71.1163192
2562486744,42.3817278,-71.1150515
2562494269,42.3813691,-71.1219491
2562494270,42.3816047,-71.1209122
2562495462,42.3820055,-71.1210499
2562497994,42.3821107,-71.1215358
2562500145,42.3807801,-71.1209407
2562504735,42.3797769,-71.121546
2562504737,42.3804821,-71.1217959
2562504738,42.380555,-71.1218314
2562504741,42.3807062,-71.1208931
2562509782,42.3807851,-71.114501
2562512830,42.382206,-71.1152987
2562522840,42.3799315,-71.1189199
2562528671,42.3834417,-71.1237007
2631437818,42.3721626,-71.1241365
2654864207,42.3751144,-71.1539176
2657882665,42.3788678,-71.1483714
2657882666,42.3787543,-71.1473663
2657882686,42.3771865,-71.1474018
2657911026,42.3775436,-71.1409501
2657922586,42.3770324,-71.1359505
2666089449,42.3746844,-71.1380917
2675243995,42.3832272,-71.1280153
2676333871,42.3698921,-71.1168144
2709309384,42.3997754,-71.1335082
2742713339,42.3618358,-71.0852361
2742829796,42.3637754,-71.0827093
2764945127,42.367032,-71.1148402
2918219392,42.3978213,-71.1419148
3164747603,42.3950624,-71.1276822
3306934506,42.379453,-71.1200424
3401235867,42.3884277,-71.1431225
3401235868,42.3886934,-71.143496
3401235869,42.3883501,-71.1437491
3401235870,42.3865559,-71.1408925
3403172498,42.3541907,-71.1103369
3403172499,42.3546092,-71.1108362
3417564301,42.386356,-71.1602584
3417564306,42.386457,-71.1603102
3452126837,42.3771903,-71.1114986
3464484759,42.372713,-71.1215418
3603121554,42.3701176,-71.1133348
3616266412,42.3633477,-71.078626
3620929818,42.3619182,-71.0797867
3622695526,42.361824,-71.0801706
3705459577,42.3778122,-71.129858
3705465011,42.3839509,-71.1255194
3895957329,42.3657887,-71.1156396
4173900794,42.3900988,-71.1421769
4173900795,42.3941012,-71.1405305
4258780021,42.3761046,-71.1241686
4259113316,42.3548721,-71.1087164
4259113324,42.3550572,-71.1083023
4267069426,42.3743594,-71.1187569
4406201720,42.3619059,-71.0938619
4600668051,42.3704319,-71.10987
4600668052,42.3706279,-71.1104035
4604564499,42.3756407,-71.132032
4604564502,42.3748008,-71.1321448
4726175802,42.3635339,-71.0878268
4831798222,42.3764066,-71.1084288
4831798223,42.3763149,-71.107831
4870365869,42.3708358,-71.0719361
4870365882,42.3715352,-71.0726643
4978289961,42.3540339,-71.111086
4978327603,42.355785,-71.1134843
5175215935,42.3746445,-71.1295348
5175238805,42.3934484,-71.1258808
5175238806,42.3935064,-71.1257834
5175392032,42.4002131,-71.1345134
5175445905,42.3995307,-71.1328952
5176457017,42.3900728,-71.1206381
5274421277,42.3935741,-71.1286978
5391228219,42.3729646,-71.0775207
5391231523,42.3702453,-71.0686894
5425887467,42.4004026,-71.1302665
5458229232,42.3750694,-71.129646
5504189721,42.3953155,-71.1321284
5504189722,42.3953123,-71.1324074
5530123246,42.3989845,-71.132098
5530123247,42.3988025,-71.1320055
5530123248,42.3985024,-71.1314734
5617765740,42.380764,-71.1175489
5645093170,42.3777715,-71.1202092
5645093171,42.3733106,-71.1185178
5835143863,42.3880434,-71.1293899
5835143872,42.388326,-71.128581
5850416671,42.3919902,-71.1442468
5921511441,42.3677919,-71.0799584
5923251283,42.3649924,-71.081971
5937411739,42.3694044,-71.0692276
6038134142,42.392532,-71.1362857
6050488695,42.3781648,-71.1508272
6050488697,42.3780685,-71.1508003
6050488702,42.3787325,-71.1510016
6056842492,42.4005176,-71.1323895
6100432137,42.3627194,-71.0899422
6124468256,42.3732288,-71.1207097
6568428366,42.394417,-71.1336173
6568448061,42.3823497,-71.1219307
6568448062,42.3825167,-71.1220685
6568559302,42.3707482,-71.1024559
6568559303,42.3708385,-71.1026994
6590017300,42.3906307,-71.1238035
6590017301,42.3907226,-71.1240319
6593964947,42.39375,-71.1367937
6594044182,42.3734156,-71.1113666
6594044183,42.3731109,-71.1115514
6594044184,42.3776956,-71.1091017
6594047885,42.3780218,-71.1092267
6759288277,42.3725283,-71.0888886
6759288279,42.372444,-71.0881956
7025506913,42.3768533,-71.1542592
7025506920,42.3769814,-71.154271
7045465179,42.374283,-71.125457
7045500437,42.3770379,-71.1359213
7049937043,42.3848715,-71.1414887
7050543627,42.3780588,-71.1449609
7050543656,42.3779616,-71.1452549
7050551099,42.3786341,-71.1451317
7064477455,42.377209,-71.1433097
7067953143,42.3775795,-71.1422316
7067953147,42.3813063,-71.1438942
7086766356,42.3713411,-71.1336667
7291399962,42.3937139,-71.1532929
7400377051,42.3835557,-71.1307238
7569779758,42.376672,-71.1326986
7569985113,42.372463,-71.0754208
7579360324,42.3570305,-71.0925254
7579360360,42.3600135,-71.0839035
7590916054,42.358995,-71.0869608
7626171293,42.3642808,-71.0817513
7631024548,42.360456,-71.0851197
7632290667,42.3834391,-71.1377271
7863973341,42.3861789,-71.13653
7863973342,42.3866437,-71.1372091
7863973370,42.3826306,-71.1429792
7864041626,42.3819155,-71.1425482
7875154233,42.3925574,-71.1308397
7883982085,42.38163,-71.1110214
7885690618,42.3925497,-71.1356801
7890239961,42.3768936,-71.1083039
7890515252,42.3875447,-71.1289884
7892226623,42.3860532,-71.1333423
7892226624,42.3844853,-71.1307914
7896005715,42.3863686,-71.1249541
7896067307,42.3750836,-71.1207142
7896067965,42.3783146,-71.1237012
7980904724,42.3840724,-71.1223656
7990360352,42.3679022,-71.0853113
8347350535,42.3662739,-71.1141101
8356245766,42.3912766,-71.1305434
8356245767,42.3913571,-71.1305643
8365868694,42.3722764,-71.1114629
8501422396,42.3618792,-71.0793475
8501484897,42.3612866,-71.0790958
8508760490,42.3706493,-71.076922
8519044531,42.3664169,-71.0881698
8602936356,42.3623234,-71.0849789
8729939576,42.3768774,-71.1197726
8729939587,42.3763019,-71.1191817
8729939593,42.3762167,-71.1196186
8754542700,42.3723291,-71.1152185
8756218050,42.371047,-71.1141719
9070681939,42.3875809,-71.1269908
9070681941,42.3879475,-71.1271944
9113929725,42.3646379,-71.1148215
9137933774,42.3720097,-71.0759034
9170623768,42.4009828,-71.1359498
9170623769,42.4009016,-71.1360288
9261096449,42.3753503,-71.1444894
9261698819,42.3663645,-71.0935014
9261698820,42.3664104,-71.093618
9300359736,42.3907816,-71.1244909
9627491318,42.3710429,-71.0729353
9632096589,42.3618363,-71.086367
9634429759,42.3738222,-71.1013961
9634533323,42.3713572,-71.0744087
9634533324,42.3708686,-71.0746044
9634533325,42.3708134,-71.0743496
9634533326,42.3713035,-71.0741568
9634892477,42.3719638,-71.0786515
9634947640,42.371401,-71.0723832
9634947650,42.3721161,-71.0721885
9775078870,42.3714453,-71.1046894
9894803158,42.3642147,-71.0812367
9894803161,42.3648792,-71.0810709
9907930022,42.3843591,-71.1176462
9907930023,42.3844473,-71.1176383
9907930046,42.3862275,-71.1364348
9908416771,42.3703283,-71.0954222
9953660276,42.3661659,-71.0861949
9973710848,42.3625774,-71.0989412
10109181027,42.375066,-71.1390651
10119781451,42.3748536,-71.1390965
10202959121,42.3834269,-71.1283264
11011483244,42.3723216,-71.1218544
11011483260,42.3717661,-71.119622
11013243761,42.3708036,-71.0759546
11070053345,42.3702106,-71.0950268
11106989909,42.3714929,-71.0981113
11108035084,42.3705811,-71.076408
11119143182,42.3914556,-71.1309749
11160127821,42.3707104,-71.0760487
11227897761,42.372517,-71.0794805
11227897787,42.3724102,-71.0795145
11229037687,42.368764,-71.094789
11262063785,42.398171,-71.1324522
11269219541,42.371482,-71.1091771
11501719666,42.3708225,-71.1138941
11639931180,42.3887494,-71.1196519
11639940379,42.3896135,-71.1212359
11639940382,42.3896206,-71.1212268
11679014095,42.3670195,-71.0760785
11679014101,42.3667354,-71.0757782
11697851032,42.3737663,-71.112255
11704524803,42.3726167,-71.0852447
11720988024,42.3748401,-71.1144742
11720988025,42.3747879,-71.1143594
11721388405,42.3737325,-71.1008432
11721789500,42.3663473,-71.1031493
11729585231,42.3716368,-71.1176144
11729769539,42.3693261,-71.1171809
11736126145,42.3643978,-71.1148789
11736910644,42.3614234,-71.1027962
11737427248,42.3720587,-71.107938
11737427249,42.3713306,-71.1084524
11737427250,42.3720805,-71.1079931
11749290917,42.3577935,-71.092889
11749290935,42.3574773,-71.0926819
11749322588,42.3572887,-71.0926585
11749358459,42.3677369,-71.0909607
11749358460,42.3677432,-71.090957
11770006776,42.3613049,-71.0853052
11887938628,42.3688075,-71.0723243
11990713943,42.360122,-71.1108359
11990713944,42.3599678,-71.1110005
12036659649,42.3768043,-71.1297545
12105395230,42.3717328,-71.1104089
12105395231,42.3718485,-71.1107299
12106714285,42.3735579,-71.1006328
12138528838,42.3578544,-71.108837
12138790517,42.380778,-71.1219455
12189221036,42.3664357,-71.0878371
12205978575,42.3747564,-71.1234583
12205978580,42.3754297,-71.1304961
12205978581,42.3754404,-71.1311046
12205978583,42.3794016,-71.1384952
12205978586,42.3802003,-71.1348802
12205978595,42.3803172,-71.1326847
12207916200,42.3730002,-71.0816837
12210032116,42.3729103,-71.124679
12230555441,42.3635976,-71.0978952
12346721899,42.3984022,-71.1406189
12464053292,42.3823343,-71.1290655
12479593549,42.3725745,-71.1092414
12479593553,42.3720214,-71.1096006
12479593554,42.3721894,-71.1094922
12479593555,42.3722688,-71.1097203
12552950452,42.373397,-71.1352398
12552950459,42.3731835,-71.1335708
12854552287,42.353524,-71.1105079
13007456848,42.3601393,-71.0835337
13030662320,42.357373,-71.0926466
13073528017,42.3629299,-71.1115903
13073528043,42.363985,-71.1082282
13073528062,42.3646031,-71.1066334
13086121805,42.3652713,-71.1045303
13086121874,42.3652433,-71.1049655
13088480261,42.3641566,-71.1079659
13117060881,42.3784968,-71.1471566
13180559214,42.3901009,-71.1188032
