city,num_emergencies,trial,algorithm,objective,time_s,status,convergence_len
koramangala,5,1,Standard GA,2.0629135229251307,0.09522294998168945,success,10
koramangala,5,1,Elitist GA,2.5786419036564134,0.48654866218566895,ok,50
koramangala,5,1,Adaptive GA,2.5786419036564134,0.32099485397338867,ok,50
koramangala,5,1,Hybrid GA,2.5786419036564134,0.6394872665405273,ok,50
koramangala,5,2,Standard GA,2.0629135229251307,0.07323598861694336,success,10
koramangala,5,2,Elitist GA,2.5786419036564134,0.31227731704711914,ok,50
koramangala,5,2,Adaptive GA,2.5786419036564134,0.29340648651123047,ok,50
koramangala,5,2,Hybrid GA,2.5786419036564134,0.4743459224700928,ok,50
koramangala,5,3,Standard GA,2.0629135229251307,0.09082269668579102,success,10
koramangala,5,3,Elitist GA,2.5786419036564134,0.377439022064209,ok,50
koramangala,5,3,Adaptive GA,2.5786419036564134,0.2544834613800049,ok,50
koramangala,5,3,Hybrid GA,2.5786419036564134,0.517573356628418,ok,50
koramangala,5,4,Standard GA,2.0629135229251307,0.1183013916015625,success,10
koramangala,5,4,Elitist GA,2.5786419036564134,0.314866304397583,ok,50
koramangala,5,4,Adaptive GA,2.5786419036564134,0.3193068504333496,ok,50
koramangala,5,4,Hybrid GA,2.5786419036564134,0.5385777950286865,ok,50
koramangala,5,5,Standard GA,2.0629135229251307,0.15924692153930664,success,10
koramangala,5,5,Elitist GA,2.5786419036564134,0.3463585376739502,ok,50
koramangala,5,5,Adaptive GA,2.5786419036564134,0.2971312999725342,ok,50
koramangala,5,5,Hybrid GA,2.5786419036564134,0.6545634269714355,ok,50
koramangala,5,6,Standard GA,2.0629135229251307,0.0885927677154541,success,10
koramangala,5,6,Elitist GA,2.5786419036564134,0.34117913246154785,ok,50
koramangala,5,6,Adaptive GA,2.5786419036564134,0.3012723922729492,ok,50
koramangala,5,6,Hybrid GA,2.5786419036564134,0.4023733139038086,ok,50
koramangala,5,7,Standard GA,2.0629135229251307,0.09372973442077637,success,10
koramangala,5,7,Elitist GA,2.5786419036564134,0.35570192337036133,ok,50
koramangala,5,7,Adaptive GA,2.5786419036564134,0.3354010581970215,ok,50
koramangala,5,7,Hybrid GA,2.5786419036564134,0.6242120265960693,ok,50
koramangala,5,8,Standard GA,2.0629135229251307,0.12221097946166992,success,10
koramangala,5,8,Elitist GA,2.5786419036564134,0.4079911708831787,ok,50
koramangala,5,8,Adaptive GA,2.5786419036564134,0.36249327659606934,ok,50
koramangala,5,8,Hybrid GA,2.5786419036564134,0.6381561756134033,ok,50
koramangala,5,9,Standard GA,2.0629135229251307,0.12333512306213379,success,10
koramangala,5,9,Elitist GA,2.5786419036564134,0.37538647651672363,ok,50
koramangala,5,9,Adaptive GA,2.5786419036564134,0.35579538345336914,ok,50
koramangala,5,9,Hybrid GA,2.5786419036564134,0.5744118690490723,ok,50
koramangala,5,10,Standard GA,2.0629135229251307,0.07079482078552246,success,10
koramangala,5,10,Elitist GA,2.5786419036564134,0.38567090034484863,ok,50
koramangala,5,10,Adaptive GA,2.5786419036564134,0.3641040325164795,ok,50
koramangala,5,10,Hybrid GA,2.5786419036564134,0.5753905773162842,ok,50
koramangala,10,1,Standard GA,4.125827045850262,0.14846491813659668,success,10
koramangala,10,1,Elitist GA,5.157283807312827,0.4694499969482422,ok,50
koramangala,10,1,Adaptive GA,5.157283807312827,0.5534284114837646,ok,50
koramangala,10,1,Hybrid GA,5.157283807312827,2.4635355472564697,ok,50
koramangala,10,2,Standard GA,4.125827045850262,0.08185744285583496,success,10
koramangala,10,2,Elitist GA,5.157283807312827,0.39824748039245605,ok,50
koramangala,10,2,Adaptive GA,5.157283807312827,0.3892822265625,ok,50
koramangala,10,2,Hybrid GA,5.157283807312827,2.111581802368164,ok,50
koramangala,10,3,Standard GA,4.125827045850262,0.12284588813781738,success,10
koramangala,10,3,Elitist GA,5.157283807312827,0.3964054584503174,ok,50
koramangala,10,3,Adaptive GA,5.157283807312827,0.5240917205810547,ok,50
koramangala,10,3,Hybrid GA,5.157283807312827,2.5596365928649902,ok,50
koramangala,10,4,Standard GA,4.125827045850262,0.1353318691253662,success,10
koramangala,10,4,Elitist GA,5.157283807312827,0.4649956226348877,ok,50
koramangala,10,4,Adaptive GA,5.157283807312827,0.399503231048584,ok,50
koramangala,10,4,Hybrid GA,5.157283807312827,2.2738945484161377,ok,50
koramangala,10,5,Standard GA,4.125827045850262,0.12093639373779297,success,10
koramangala,10,5,Elitist GA,5.157283807312827,0.40436816215515137,ok,50
koramangala,10,5,Adaptive GA,5.157283807312827,0.5358037948608398,ok,50
koramangala,10,5,Hybrid GA,5.157283807312827,2.514477491378784,ok,50
koramangala,10,6,Standard GA,4.125827045850262,0.1401829719543457,success,10
koramangala,10,6,Elitist GA,5.157283807312827,0.4909858703613281,ok,50
koramangala,10,6,Adaptive GA,5.157283807312827,0.44297194480895996,ok,50
koramangala,10,6,Hybrid GA,5.157283807312827,2.2154147624969482,ok,50
koramangala,10,7,Standard GA,4.125827045850262,0.1356973648071289,success,10
koramangala,10,7,Elitist GA,5.157283807312827,0.48716163635253906,ok,50
koramangala,10,7,Adaptive GA,5.157283807312827,0.3689723014831543,ok,50
koramangala,10,7,Hybrid GA,5.157283807312827,2.098101854324341,ok,50
koramangala,10,8,Standard GA,3.743244341265236,0.11068582534790039,success,10
koramangala,10,8,Elitist GA,4.679055426581544,0.3905317783355713,ok,50
koramangala,10,8,Adaptive GA,4.679055426581544,0.45587730407714844,ok,50
koramangala,10,8,Hybrid GA,4.679055426581544,2.242534875869751,ok,50
koramangala,10,9,Standard GA,4.125827045850262,0.1064310073852539,success,10
koramangala,10,9,Elitist GA,5.157283807312827,0.41372132301330566,ok,50
koramangala,10,9,Adaptive GA,5.157283807312827,0.47589898109436035,ok,50
koramangala,10,9,Hybrid GA,5.157283807312827,2.1763343811035156,ok,50
koramangala,10,10,Standard GA,4.125827045850262,0.1394178867340088,success,10
koramangala,10,10,Elitist GA,5.157283807312827,0.392885684967041,ok,50
koramangala,10,10,Adaptive GA,5.157283807312827,0.5065453052520752,ok,50
koramangala,10,10,Hybrid GA,5.157283807312827,2.5509285926818848,ok,50
koramangala,15,1,Standard GA,6.188740568775394,0.2626011371612549,success,10
koramangala,15,1,Elitist GA,7.735925710969241,0.5616011619567871,ok,50
koramangala,15,1,Adaptive GA,7.735925710969241,0.596118688583374,ok,50
koramangala,15,1,Hybrid GA,7.735925710969241,6.896693229675293,ok,50
koramangala,15,2,Standard GA,6.188740568775394,0.12322616577148438,success,10
koramangala,15,2,Elitist GA,7.735925710969241,0.4847884178161621,ok,50
koramangala,15,2,Adaptive GA,7.735925710969241,0.5364630222320557,ok,50
koramangala,15,2,Hybrid GA,7.735925710969241,5.096682548522949,ok,50
koramangala,15,3,Standard GA,6.188740568775394,0.10704469680786133,success,10
koramangala,15,3,Elitist GA,7.735925710969241,0.37956762313842773,ok,50
koramangala,15,3,Adaptive GA,7.735925710969241,0.2914583683013916,ok,50
koramangala,15,3,Hybrid GA,7.735925710969241,4.172226190567017,ok,50
koramangala,15,4,Standard GA,6.188740568775394,0.07362556457519531,success,10
koramangala,15,4,Elitist GA,7.735925710969241,0.27620816230773926,ok,50
koramangala,15,4,Adaptive GA,7.735925710969241,0.3919966220855713,ok,50
koramangala,15,4,Hybrid GA,7.735925710969241,3.2673442363739014,ok,50
koramangala,15,5,Standard GA,6.188740568775394,0.06849980354309082,success,10
koramangala,15,5,Elitist GA,7.735925710969241,0.2693657875061035,ok,50
koramangala,15,5,Adaptive GA,7.735925710969241,0.25020790100097656,ok,50
koramangala,15,5,Hybrid GA,7.735925710969241,3.589094877243042,ok,50
koramangala,15,6,Standard GA,6.188740568775394,0.06146740913391113,success,10
koramangala,15,6,Elitist GA,7.735925710969241,0.2734522819519043,ok,50
koramangala,15,6,Adaptive GA,7.735925710969241,0.2718954086303711,ok,50
koramangala,15,6,Hybrid GA,7.735925710969241,3.13423228263855,ok,50
koramangala,15,7,Standard GA,6.188740568775394,0.08217883110046387,success,10
koramangala,15,7,Elitist GA,7.735925710969241,0.22838640213012695,ok,50
koramangala,15,7,Adaptive GA,7.735925710969241,0.24613499641418457,ok,50
koramangala,15,7,Hybrid GA,7.735925710969241,2.9433600902557373,ok,50
koramangala,15,8,Standard GA,5.806157864190367,0.07816171646118164,success,10
koramangala,15,8,Elitist GA,7.257697330237958,0.2737863063812256,ok,50
koramangala,15,8,Adaptive GA,7.257697330237958,0.2554812431335449,ok,50
koramangala,15,8,Hybrid GA,7.257697330237958,3.0405704975128174,ok,50
koramangala,15,9,Standard GA,6.188740568775394,0.06626605987548828,success,10
koramangala,15,9,Elitist GA,7.735925710969241,0.23841595649719238,ok,50
koramangala,15,9,Adaptive GA,7.735925710969241,0.23595547676086426,ok,50
koramangala,15,9,Hybrid GA,7.735925710969241,3.1085259914398193,ok,50
koramangala,15,10,Standard GA,6.188740568775394,0.06079697608947754,success,10
koramangala,15,10,Elitist GA,7.735925710969241,0.22911858558654785,ok,50
koramangala,15,10,Adaptive GA,7.735925710969241,0.2421884536743164,ok,50
koramangala,15,10,Hybrid GA,7.735925710969241,3.1231772899627686,ok,50
koramangala,20,1,Standard GA,8.251654091700525,0.08417844772338867,success,10
koramangala,20,1,Elitist GA,10.314567614625654,0.3005671501159668,ok,50
koramangala,20,1,Adaptive GA,10.314567614625654,0.3291192054748535,ok,50
koramangala,20,1,Hybrid GA,10.314567614625654,6.709388017654419,ok,50
koramangala,20,2,Standard GA,7.899071387115499,0.08015227317810059,success,10
koramangala,20,2,Elitist GA,9.87383923389437,0.32741284370422363,ok,50
koramangala,20,2,Adaptive GA,9.87383923389437,0.32141566276550293,ok,50
koramangala,20,2,Hybrid GA,9.87383923389437,13.620262861251831,ok,50
koramangala,20,3,Standard GA,8.251654091700525,0.19671177864074707,success,10
koramangala,20,3,Elitist GA,10.314567614625654,0.8276348114013672,ok,50
koramangala,20,3,Adaptive GA,10.314567614625654,0.6148397922515869,ok,50
koramangala,20,3,Hybrid GA,10.314567614625654,15.03850507736206,ok,50
koramangala,20,4,Standard GA,8.251654091700525,0.1805896759033203,success,10
koramangala,20,4,Elitist GA,10.314567614625654,0.6743779182434082,ok,50
koramangala,20,4,Adaptive GA,10.314567614625654,0.657529354095459,ok,50
koramangala,20,4,Hybrid GA,10.314567614625654,13.461027383804321,ok,50
koramangala,20,5,Standard GA,8.251654091700525,0.1805427074432373,success,10
koramangala,20,5,Elitist GA,10.314567614625654,0.633589506149292,ok,50
koramangala,20,5,Adaptive GA,10.314567614625654,0.5678870677947998,ok,50
koramangala,20,5,Hybrid GA,10.314567614625654,15.013496398925781,ok,50
koramangala,20,6,Standard GA,8.251654091700525,0.24819254875183105,success,10
koramangala,20,6,Elitist GA,10.314567614625654,0.8356497287750244,ok,50
koramangala,20,6,Adaptive GA,10.314567614625654,0.4144878387451172,ok,50
koramangala,20,6,Hybrid GA,10.314567614625654,15.048813104629517,ok,50
koramangala,20,7,Standard GA,8.251654091700525,0.18027400970458984,success,10
koramangala,20,7,Elitist GA,10.314567614625654,0.6467585563659668,ok,50
koramangala,20,7,Adaptive GA,10.314567614625654,0.6560630798339844,ok,50
koramangala,20,7,Hybrid GA,10.314567614625654,14.660349369049072,ok,50
koramangala,20,8,Standard GA,7.869071387115499,0.12895703315734863,success,10
koramangala,20,8,Elitist GA,9.836339233894371,0.8453102111816406,ok,50
koramangala,20,8,Adaptive GA,9.836339233894371,0.5588667392730713,ok,50
koramangala,20,8,Hybrid GA,9.836339233894371,15.041969060897827,ok,50
koramangala,20,9,Standard GA,7.859071387115499,0.10878539085388184,success,10
koramangala,20,9,Elitist GA,9.823839233894372,0.9092895984649658,ok,50
koramangala,20,9,Adaptive GA,9.823839233894372,0.5524461269378662,ok,50
koramangala,20,9,Hybrid GA,9.823839233894372,15.111479043960571,ok,50
koramangala,20,10,Standard GA,7.636488682530473,0.20005297660827637,success,10
koramangala,20,10,Elitist GA,9.545610853163089,0.9242630004882812,ok,50
koramangala,20,10,Adaptive GA,9.545610853163089,0.5612587928771973,ok,50
koramangala,20,10,Hybrid GA,9.545610853163089,15.62355923652649,ok,50
koramangala,25,1,Standard GA,10.314567614625652,0.23651862144470215,success,10
koramangala,25,1,Elitist GA,12.893209518282065,0.7590782642364502,ok,50
koramangala,25,1,Adaptive GA,12.893209518282065,0.7231237888336182,ok,50
koramangala,25,1,Hybrid GA,12.893209518282065,27.147481679916382,ok,50
koramangala,25,2,Standard GA,9.961984910040627,0.23630070686340332,success,10
koramangala,25,2,Elitist GA,12.0117527568195,0.6979846954345703,ok,50
koramangala,25,2,Adaptive GA,12.0117527568195,0.6538465023040771,ok,50
koramangala,25,2,Hybrid GA,12.0117527568195,28.65237855911255,ok,50
koramangala,25,3,Standard GA,10.314567614625652,0.2995736598968506,success,10
koramangala,25,3,Elitist GA,12.893209518282065,1.1073379516601562,ok,50
koramangala,25,3,Adaptive GA,12.893209518282065,0.7815041542053223,ok,50
koramangala,25,3,Hybrid GA,12.893209518282065,33.75740075111389,ok,50
koramangala,25,4,Standard GA,9.981984910040627,0.35919809341430664,success,10
koramangala,25,4,Elitist GA,12.477481137550782,0.614349365234375,ok,50
koramangala,25,4,Adaptive GA,12.477481137550782,0.7524182796478271,ok,50
koramangala,25,4,Hybrid GA,12.477481137550782,30.403781175613403,ok,50
koramangala,25,5,Standard GA,10.314567614625652,0.17691898345947266,success,10
koramangala,25,5,Elitist GA,12.893209518282065,0.7227497100830078,ok,50
koramangala,25,5,Adaptive GA,12.893209518282065,0.5031840801239014,ok,50
koramangala,25,5,Hybrid GA,12.893209518282065,27.77607774734497,ok,50
koramangala,25,6,Standard GA,10.314567614625652,0.1782975196838379,success,10
koramangala,25,6,Elitist GA,12.893209518282065,0.6593043804168701,ok,50
koramangala,25,6,Adaptive GA,12.893209518282065,0.6854193210601807,ok,50
koramangala,25,6,Hybrid GA,12.893209518282065,28.5158634185791,ok,50
koramangala,25,7,Standard GA,10.291984910040625,0.15533757209777832,success,10
koramangala,25,7,Elitist GA,12.864981137550782,0.6521852016448975,ok,50
koramangala,25,7,Adaptive GA,12.864981137550782,0.7147326469421387,ok,50
koramangala,25,7,Hybrid GA,12.864981137550782,33.907864570617676,ok,50
koramangala,25,8,Standard GA,9.931984910040626,0.2321162223815918,success,10
koramangala,25,8,Elitist GA,12.414981137550782,0.6749048233032227,ok,50
koramangala,25,8,Adaptive GA,12.414981137550782,0.6041848659515381,ok,50
koramangala,25,8,Hybrid GA,12.414981137550782,28.445003032684326,ok,50
koramangala,25,9,Standard GA,9.921984910040626,0.31038594245910645,success,10
koramangala,25,9,Elitist GA,12.402481137550783,0.8098037242889404,ok,50
koramangala,25,9,Adaptive GA,12.402481137550783,0.932870626449585,ok,50
koramangala,25,9,Hybrid GA,12.402481137550783,27.500414848327637,ok,50
koramangala,25,10,Standard GA,9.6994022054556,0.20358943939208984,success,10
koramangala,25,10,Elitist GA,12.1242527568195,0.6830923557281494,ok,50
koramangala,25,10,Adaptive GA,12.1242527568195,0.6520631313323975,ok,50
koramangala,25,10,Hybrid GA,12.1242527568195,27.853108882904053,ok,50
bangalore_central,5,1,Standard GA,1.9338354505873112,0.1042470932006836,success,10
bangalore_central,5,1,Elitist GA,2.417294313234139,0.28487420082092285,ok,50
bangalore_central,5,1,Adaptive GA,2.417294313234139,0.2264106273651123,ok,50
bangalore_central,5,1,Hybrid GA,2.417294313234139,0.5214745998382568,ok,50
bangalore_central,5,2,Standard GA,1.9338354505873112,0.07125449180603027,success,10
bangalore_central,5,2,Elitist GA,2.417294313234139,0.28005337715148926,ok,50
bangalore_central,5,2,Adaptive GA,2.417294313234139,0.38082385063171387,ok,50
bangalore_central,5,2,Hybrid GA,2.417294313234139,0.5310931205749512,ok,50
bangalore_central,5,3,Standard GA,1.9338354505873112,0.1538848876953125,success,10
bangalore_central,5,3,Elitist GA,2.417294313234139,0.3158838748931885,ok,50
bangalore_central,5,3,Adaptive GA,2.417294313234139,0.3553330898284912,ok,50
bangalore_central,5,3,Hybrid GA,2.417294313234139,0.46111369132995605,ok,50
bangalore_central,5,4,Standard GA,1.9338354505873112,0.12880635261535645,success,10
bangalore_central,5,4,Elitist GA,2.417294313234139,0.3738996982574463,ok,50
bangalore_central,5,4,Adaptive GA,2.417294313234139,0.29462265968322754,ok,50
bangalore_central,5,4,Hybrid GA,2.417294313234139,0.42055797576904297,ok,50
bangalore_central,5,5,Standard GA,1.9338354505873112,0.040387868881225586,success,10
bangalore_central,5,5,Elitist GA,2.417294313234139,0.1363811492919922,ok,50
bangalore_central,5,5,Adaptive GA,2.417294313234139,0.1500380039215088,ok,50
bangalore_central,5,5,Hybrid GA,2.417294313234139,0.2541787624359131,ok,50
bangalore_central,5,6,Standard GA,1.9338354505873112,0.044161081314086914,success,10
bangalore_central,5,6,Elitist GA,2.417294313234139,0.1334238052368164,ok,50
bangalore_central,5,6,Adaptive GA,2.417294313234139,0.14188504219055176,ok,50
bangalore_central,5,6,Hybrid GA,2.417294313234139,0.24627447128295898,ok,50
bangalore_central,5,7,Standard GA,1.9338354505873112,0.05504608154296875,success,10
bangalore_central,5,7,Elitist GA,2.417294313234139,0.1815035343170166,ok,50
bangalore_central,5,7,Adaptive GA,2.417294313234139,0.17047882080078125,ok,50
bangalore_central,5,7,Hybrid GA,2.417294313234139,0.29250240325927734,ok,50
bangalore_central,5,8,Standard GA,1.9338354505873112,0.04661917686462402,success,10
bangalore_central,5,8,Elitist GA,2.417294313234139,0.1675572395324707,ok,50
bangalore_central,5,8,Adaptive GA,2.417294313234139,0.16068339347839355,ok,50
bangalore_central,5,8,Hybrid GA,2.417294313234139,0.30034351348876953,ok,50
bangalore_central,5,9,Standard GA,1.9338354505873112,0.08238983154296875,success,10
bangalore_central,5,9,Elitist GA,2.417294313234139,0.31553196907043457,ok,50
bangalore_central,5,9,Adaptive GA,2.417294313234139,0.310638427734375,ok,50
bangalore_central,5,9,Hybrid GA,2.417294313234139,0.4668283462524414,ok,50
bangalore_central,5,10,Standard GA,1.9338354505873112,0.07286548614501953,success,10
bangalore_central,5,10,Elitist GA,2.417294313234139,0.2580697536468506,ok,50
bangalore_central,5,10,Adaptive GA,2.417294313234139,0.20380878448486328,ok,50
bangalore_central,5,10,Hybrid GA,2.417294313234139,0.3459129333496094,ok,50
bangalore_central,10,1,Standard GA,3.8676709011746224,0.07182836532592773,success,10
bangalore_central,10,1,Elitist GA,4.834588626468277,0.258420467376709,ok,50
bangalore_central,10,1,Adaptive GA,4.834588626468277,0.2475111484527588,ok,50
bangalore_central,10,1,Hybrid GA,4.834588626468277,1.475329875946045,ok,50
bangalore_central,10,2,Standard GA,3.8676709011746224,0.05810689926147461,success,10
bangalore_central,10,2,Elitist GA,4.834588626468277,0.25239992141723633,ok,50
bangalore_central,10,2,Adaptive GA,4.834588626468277,0.23276710510253906,ok,50
bangalore_central,10,2,Hybrid GA,4.834588626468277,1.3445124626159668,ok,50
bangalore_central,10,3,Standard GA,3.8676709011746224,0.08112144470214844,success,10
bangalore_central,10,3,Elitist GA,4.834588626468277,0.5126214027404785,ok,50
bangalore_central,10,3,Adaptive GA,4.834588626468277,0.37302160263061523,ok,50
bangalore_central,10,3,Hybrid GA,4.834588626468277,1.8853943347930908,ok,50
bangalore_central,10,4,Standard GA,3.8676709011746224,0.11324453353881836,success,10
bangalore_central,10,4,Elitist GA,4.834588626468277,0.3968513011932373,ok,50
bangalore_central,10,4,Adaptive GA,4.834588626468277,0.3523879051208496,ok,50
bangalore_central,10,4,Hybrid GA,4.834588626468277,2.0417630672454834,ok,50
bangalore_central,10,5,Standard GA,3.8676709011746224,0.09090495109558105,success,10
bangalore_central,10,5,Elitist GA,4.834588626468277,0.39336395263671875,ok,50
bangalore_central,10,5,Adaptive GA,4.834588626468277,0.4184997081756592,ok,50
bangalore_central,10,5,Hybrid GA,4.834588626468277,1.3704538345336914,ok,50
bangalore_central,10,6,Standard GA,3.8676709011746224,0.05849766731262207,success,10
bangalore_central,10,6,Elitist GA,4.834588626468277,0.21703028678894043,ok,50
bangalore_central,10,6,Adaptive GA,4.834588626468277,0.21619153022766113,ok,50
bangalore_central,10,6,Hybrid GA,4.834588626468277,1.3996305465698242,ok,50
bangalore_central,10,7,Standard GA,3.8676709011746224,0.07795858383178711,success,10
bangalore_central,10,7,Elitist GA,4.834588626468277,0.30897092819213867,ok,50
bangalore_central,10,7,Adaptive GA,4.834588626468277,0.47432875633239746,ok,50
bangalore_central,10,7,Hybrid GA,4.834588626468277,1.4863994121551514,ok,50
bangalore_central,10,8,Standard GA,3.8676709011746224,0.0644838809967041,success,10
bangalore_central,10,8,Elitist GA,4.834588626468277,0.23868584632873535,ok,50
bangalore_central,10,8,Adaptive GA,4.834588626468277,0.3185999393463135,ok,50
bangalore_central,10,8,Hybrid GA,4.834588626468277,1.480288028717041,ok,50
bangalore_central,10,9,Standard GA,3.8676709011746224,0.07253670692443848,success,10
bangalore_central,10,9,Elitist GA,4.834588626468277,0.22251272201538086,ok,50
bangalore_central,10,9,Adaptive GA,4.834588626468277,0.24596524238586426,ok,50
bangalore_central,10,9,Hybrid GA,4.834588626468277,1.310375452041626,ok,50
bangalore_central,10,10,Standard GA,3.8676709011746224,0.07902169227600098,success,10
bangalore_central,10,10,Elitist GA,4.834588626468277,0.3174631595611572,ok,50
bangalore_central,10,10,Adaptive GA,4.834588626468277,0.2653510570526123,ok,50
bangalore_central,10,10,Hybrid GA,4.834588626468277,1.2254319190979004,ok,50
bangalore_central,15,1,Standard GA,5.801506351761935,0.1208045482635498,success,10
bangalore_central,15,1,Elitist GA,7.251882939702417,0.3647646903991699,ok,50
bangalore_central,15,1,Adaptive GA,7.251882939702417,0.27760744094848633,ok,50
bangalore_central,15,1,Hybrid GA,7.251882939702417,4.093120813369751,ok,50
bangalore_central,15,2,Standard GA,5.801506351761935,0.07193875312805176,success,10
bangalore_central,15,2,Elitist GA,7.251882939702417,0.310441255569458,ok,50
bangalore_central,15,2,Adaptive GA,7.251882939702417,0.30971860885620117,ok,50
bangalore_central,15,2,Hybrid GA,7.251882939702417,4.402860641479492,ok,50
bangalore_central,15,3,Standard GA,5.801506351761935,0.07969093322753906,success,10
bangalore_central,15,3,Elitist GA,7.251882939702417,0.46909093856811523,ok,50
bangalore_central,15,3,Adaptive GA,7.251882939702417,0.4038350582122803,ok,50
bangalore_central,15,3,Hybrid GA,7.251882939702417,3.911853075027466,ok,50
bangalore_central,15,4,Standard GA,5.801506351761935,0.07692766189575195,success,10
bangalore_central,15,4,Elitist GA,7.251882939702417,0.3136172294616699,ok,50
bangalore_central,15,4,Adaptive GA,7.251882939702417,0.41495800018310547,ok,50
bangalore_central,15,4,Hybrid GA,7.251882939702417,4.3990936279296875,ok,50
bangalore_central,15,5,Standard GA,5.801506351761935,0.08008122444152832,success,10
bangalore_central,15,5,Elitist GA,7.251882939702417,0.30382847785949707,ok,50
bangalore_central,15,5,Adaptive GA,7.251882939702417,0.40924954414367676,ok,50
bangalore_central,15,5,Hybrid GA,7.251882939702417,4.373201847076416,ok,50
bangalore_central,15,6,Standard GA,5.801506351761935,0.09507417678833008,success,10
bangalore_central,15,6,Elitist GA,7.251882939702417,0.34653687477111816,ok,50
bangalore_central,15,6,Adaptive GA,7.251882939702417,0.32212400436401367,ok,50
bangalore_central,15,6,Hybrid GA,7.251882939702417,4.205410718917847,ok,50
bangalore_central,15,7,Standard GA,5.801506351761935,0.10832977294921875,success,10
bangalore_central,15,7,Elitist GA,7.251882939702417,0.3949704170227051,ok,50
bangalore_central,15,7,Adaptive GA,7.251882939702417,0.5320289134979248,ok,50
bangalore_central,15,7,Hybrid GA,7.251882939702417,5.137720823287964,ok,50
bangalore_central,15,8,Standard GA,5.801506351761935,0.1297159194946289,success,10
bangalore_central,15,8,Elitist GA,7.251882939702417,0.48845410346984863,ok,50
bangalore_central,15,8,Adaptive GA,7.251882939702417,0.46465253829956055,ok,50
bangalore_central,15,8,Hybrid GA,7.251882939702417,4.380709648132324,ok,50
bangalore_central,15,9,Standard GA,5.801506351761935,0.13168692588806152,success,10
bangalore_central,15,9,Elitist GA,7.251882939702417,0.4868333339691162,ok,50
bangalore_central,15,9,Adaptive GA,7.251882939702417,0.49549174308776855,ok,50
bangalore_central,15,9,Hybrid GA,7.251882939702417,6.1550116539001465,ok,50
bangalore_central,15,10,Standard GA,5.801506351761935,0.08085107803344727,success,10
bangalore_central,15,10,Elitist GA,7.251882939702417,0.30795931816101074,ok,50
bangalore_central,15,10,Adaptive GA,7.251882939702417,0.33606958389282227,ok,50
bangalore_central,15,10,Hybrid GA,7.251882939702417,4.7009522914886475,ok,50
bangalore_central,20,1,Standard GA,7.735341802349248,0.11722159385681152,success,10
bangalore_central,20,1,Elitist GA,9.66917725293656,0.4158287048339844,ok,50
bangalore_central,20,1,Adaptive GA,9.66917725293656,0.4837307929992676,ok,50
bangalore_central,20,1,Hybrid GA,9.66917725293656,12.494108438491821,ok,50
bangalore_central,20,2,Standard GA,7.735341802349248,0.10859394073486328,success,10
bangalore_central,20,2,Elitist GA,9.66917725293656,0.3920764923095703,ok,50
bangalore_central,20,2,Adaptive GA,9.66917725293656,0.4021449089050293,ok,50
bangalore_central,20,2,Hybrid GA,9.66917725293656,11.78229808807373,ok,50
bangalore_central,20,3,Standard GA,7.735341802349248,0.10618233680725098,success,10
bangalore_central,20,3,Elitist GA,9.66917725293656,0.41765689849853516,ok,50
bangalore_central,20,3,Adaptive GA,9.66917725293656,0.48315882682800293,ok,50
bangalore_central,20,3,Hybrid GA,9.66917725293656,11.253369092941284,ok,50
bangalore_central,20,4,Standard GA,7.735341802349248,0.1526474952697754,success,10
bangalore_central,20,4,Elitist GA,9.66917725293656,0.4695291519165039,ok,50
bangalore_central,20,4,Adaptive GA,9.66917725293656,0.6954407691955566,ok,50
bangalore_central,20,4,Hybrid GA,9.66917725293656,13.098535537719727,ok,50
bangalore_central,20,5,Standard GA,7.735341802349248,0.1639115810394287,success,10
bangalore_central,20,5,Elitist GA,9.66917725293656,0.7527532577514648,ok,50
bangalore_central,20,5,Adaptive GA,9.66917725293656,0.5744614601135254,ok,50
bangalore_central,20,5,Hybrid GA,9.66917725293656,17.045488834381104,ok,50
bangalore_central,20,6,Standard GA,7.735341802349248,0.18643403053283691,success,10
bangalore_central,20,6,Elitist GA,9.66917725293656,0.7238855361938477,ok,50
bangalore_central,20,6,Adaptive GA,9.66917725293656,0.580848217010498,ok,50
bangalore_central,20,6,Hybrid GA,9.66917725293656,15.18963360786438,ok,50
bangalore_central,20,7,Standard GA,7.735341802349248,0.1286640167236328,success,10
bangalore_central,20,7,Elitist GA,9.66917725293656,0.6336307525634766,ok,50
bangalore_central,20,7,Adaptive GA,9.66917725293656,0.637155294418335,ok,50
bangalore_central,20,7,Hybrid GA,9.66917725293656,18.46202301979065,ok,50
bangalore_central,20,8,Standard GA,7.735341802349248,0.2127542495727539,success,10
bangalore_central,20,8,Elitist GA,9.66917725293656,0.5271170139312744,ok,50
bangalore_central,20,8,Adaptive GA,9.66917725293656,0.7699761390686035,ok,50
bangalore_central,20,8,Hybrid GA,9.66917725293656,15.543936729431152,ok,50
bangalore_central,20,9,Standard GA,7.735341802349248,0.28365087509155273,success,10
bangalore_central,20,9,Elitist GA,9.66917725293656,1.0634043216705322,ok,50
bangalore_central,20,9,Adaptive GA,9.66917725293656,0.7169873714447021,ok,50
bangalore_central,20,9,Hybrid GA,9.66917725293656,16.758081912994385,ok,50
bangalore_central,20,10,Standard GA,7.735341802349248,0.2904188632965088,success,10
bangalore_central,20,10,Elitist GA,9.66917725293656,0.974215030670166,ok,50
bangalore_central,20,10,Adaptive GA,9.66917725293656,1.104961633682251,ok,50
bangalore_central,20,10,Hybrid GA,9.66917725293656,26.821983098983765,ok,50
bangalore_central,25,1,Standard GA,9.669177252936562,0.16714048385620117,success,10
bangalore_central,25,1,Elitist GA,12.086471566170701,0.8295071125030518,ok,50
bangalore_central,25,1,Adaptive GA,12.086471566170701,0.7686746120452881,ok,50
bangalore_central,25,1,Hybrid GA,12.086471566170701,29.832825660705566,ok,50
bangalore_central,25,2,Standard GA,9.669177252936562,0.2500772476196289,success,10
bangalore_central,25,2,Elitist GA,12.086471566170701,0.779278039932251,ok,50
bangalore_central,25,2,Adaptive GA,12.086471566170701,0.7949669361114502,ok,50
bangalore_central,25,2,Hybrid GA,12.086471566170701,26.755620002746582,ok,50
bangalore_central,25,3,Standard GA,9.669177252936562,0.1772758960723877,success,10
bangalore_central,25,3,Elitist GA,12.086471566170701,0.7774558067321777,ok,50
bangalore_central,25,3,Adaptive GA,12.086471566170701,0.9044122695922852,ok,50
bangalore_central,25,3,Hybrid GA,12.086471566170701,30.029280424118042,ok,50
bangalore_central,25,4,Standard GA,9.669177252936562,0.2194664478302002,success,10
bangalore_central,25,4,Elitist GA,12.086471566170701,0.8847503662109375,ok,50
bangalore_central,25,4,Adaptive GA,12.086471566170701,0.6650519371032715,ok,50
bangalore_central,25,4,Hybrid GA,12.086471566170701,30.670311450958252,ok,50
bangalore_central,25,5,Standard GA,9.669177252936562,0.1547253131866455,success,10
bangalore_central,25,5,Elitist GA,12.086471566170701,0.8104958534240723,ok,50
bangalore_central,25,5,Adaptive GA,12.086471566170701,0.7294554710388184,ok,50
bangalore_central,25,5,Hybrid GA,12.086471566170701,36.1680908203125,ok,50
bangalore_central,25,6,Standard GA,9.669177252936562,0.20602822303771973,success,10
bangalore_central,25,6,Elitist GA,12.086471566170701,0.6244285106658936,ok,50
bangalore_central,25,6,Adaptive GA,12.086471566170701,0.7389035224914551,ok,50
bangalore_central,25,6,Hybrid GA,12.086471566170701,31.463940620422363,ok,50
bangalore_central,25,7,Standard GA,9.669177252936562,0.23253536224365234,success,10
bangalore_central,25,7,Elitist GA,12.086471566170701,0.9890189170837402,ok,50
bangalore_central,25,7,Adaptive GA,12.086471566170701,1.0766136646270752,ok,50
bangalore_central,25,7,Hybrid GA,12.086471566170701,43.595656633377075,ok,50
bangalore_central,25,8,Standard GA,9.669177252936562,0.21799135208129883,success,10
bangalore_central,25,8,Elitist GA,12.086471566170701,0.7346792221069336,ok,50
bangalore_central,25,8,Adaptive GA,12.086471566170701,0.6943652629852295,ok,50
bangalore_central,25,8,Hybrid GA,12.086471566170701,29.4025821685791,ok,50
bangalore_central,25,9,Standard GA,9.669177252936562,0.13665437698364258,success,10
bangalore_central,25,9,Elitist GA,12.086471566170701,0.8055026531219482,ok,50
bangalore_central,25,9,Adaptive GA,12.086471566170701,0.9977052211761475,ok,50
bangalore_central,25,9,Hybrid GA,12.086471566170701,38.46086525917053,ok,50
bangalore_central,25,10,Standard GA,9.669177252936562,0.23408079147338867,success,10
bangalore_central,25,10,Elitist GA,12.086471566170701,1.1570477485656738,ok,50
bangalore_central,25,10,Adaptive GA,12.086471566170701,0.9812841415405273,ok,50
bangalore_central,25,10,Hybrid GA,12.086471566170701,43.69566512107849,ok,50
cambridge_ma,5,1,Standard GA,2.915957193816885,0.13156723976135254,success,10
cambridge_ma,5,1,Elitist GA,3.644946492271106,0.41898465156555176,ok,50
cambridge_ma,5,1,Adaptive GA,3.644946492271106,0.457289457321167,ok,50
cambridge_ma,5,1,Hybrid GA,3.644946492271106,1.1279006004333496,ok,50
cambridge_ma,5,2,Standard GA,2.915957193816885,0.23849153518676758,success,10
cambridge_ma,5,2,Elitist GA,3.128457193816885,0.6168746948242188,ok,50
cambridge_ma,5,2,Adaptive GA,3.128457193816885,0.6987936496734619,ok,50
cambridge_ma,5,2,Hybrid GA,3.128457193816885,1.2418568134307861,ok,50
cambridge_ma,5,3,Standard GA,2.915957193816885,0.30877041816711426,success,10
cambridge_ma,5,3,Elitist GA,3.644946492271106,1.1688013076782227,ok,50
cambridge_ma,5,3,Adaptive GA,3.644946492271106,1.0322685241699219,ok,50
cambridge_ma,5,3,Hybrid GA,3.644946492271106,1.849519968032837,ok,50
cambridge_ma,5,4,Standard GA,2.915957193816885,0.1674175262451172,success,10
cambridge_ma,5,4,Elitist GA,3.644946492271106,0.6353671550750732,ok,50
cambridge_ma,5,4,Adaptive GA,3.644946492271106,0.5094647407531738,ok,50
cambridge_ma,5,4,Hybrid GA,3.644946492271106,0.6617569923400879,ok,50
cambridge_ma,5,5,Standard GA,2.915957193816885,0.09871602058410645,success,10
cambridge_ma,5,5,Elitist GA,3.644946492271106,0.5171043872833252,ok,50
cambridge_ma,5,5,Adaptive GA,3.644946492271106,0.4979875087738037,ok,50
cambridge_ma,5,5,Hybrid GA,3.644946492271106,0.6441259384155273,ok,50
cambridge_ma,5,6,Standard GA,2.915957193816885,0.12066507339477539,success,10
cambridge_ma,5,6,Elitist GA,3.644946492271106,0.2966322898864746,ok,50
cambridge_ma,5,6,Adaptive GA,3.644946492271106,0.3531467914581299,ok,50
cambridge_ma,5,6,Hybrid GA,3.644946492271106,0.5631520748138428,ok,50
cambridge_ma,5,7,Standard GA,2.915957193816885,0.1790919303894043,success,10
cambridge_ma,5,7,Elitist GA,3.644946492271106,0.39960694313049316,ok,50
cambridge_ma,5,7,Adaptive GA,3.644946492271106,0.44025397300720215,ok,50
cambridge_ma,5,7,Hybrid GA,3.644946492271106,0.5149414539337158,ok,50
cambridge_ma,5,8,Standard GA,2.915957193816885,0.10758471488952637,success,10
cambridge_ma,5,8,Elitist GA,3.644946492271106,0.5810990333557129,ok,50
cambridge_ma,5,8,Adaptive GA,3.644946492271106,0.6298189163208008,ok,50
cambridge_ma,5,8,Hybrid GA,3.644946492271106,0.9478182792663574,ok,50
cambridge_ma,5,9,Standard GA,2.915957193816885,0.19257616996765137,success,10
cambridge_ma,5,9,Elitist GA,3.644946492271106,0.374561071395874,ok,50
cambridge_ma,5,9,Adaptive GA,3.644946492271106,0.45923590660095215,ok,50
cambridge_ma,5,9,Hybrid GA,3.644946492271106,0.8594732284545898,ok,50
cambridge_ma,5,10,Standard GA,2.915957193816885,0.12030315399169922,success,10
cambridge_ma,5,10,Elitist GA,3.644946492271106,0.9497320652008057,ok,50
cambridge_ma,5,10,Adaptive GA,3.644946492271106,1.5949921607971191,ok,50
cambridge_ma,5,10,Hybrid GA,3.644946492271106,2.2334582805633545,ok,50
cambridge_ma,10,1,Standard GA,5.83191438763377,0.1635587215423584,success,10
cambridge_ma,10,1,Elitist GA,7.289892984542212,0.5377087593078613,ok,50
cambridge_ma,10,1,Adaptive GA,7.289892984542212,0.6257824897766113,ok,50
cambridge_ma,10,1,Hybrid GA,7.289892984542212,2.8782548904418945,ok,50
cambridge_ma,10,2,Standard GA,5.418722948870393,0.10723304748535156,success,10
cambridge_ma,10,2,Elitist GA,6.773403686087991,0.5856814384460449,ok,50
cambridge_ma,10,2,Adaptive GA,6.773403686087991,0.44298553466796875,ok,50
cambridge_ma,10,2,Hybrid GA,6.773403686087991,2.3674070835113525,ok,50
cambridge_ma,10,3,Standard GA,5.83191438763377,0.15517210960388184,success,10
cambridge_ma,10,3,Elitist GA,7.289892984542212,0.488689661026001,ok,50
cambridge_ma,10,3,Adaptive GA,7.289892984542212,0.6055638790130615,ok,50
cambridge_ma,10,3,Hybrid GA,7.289892984542212,2.606947422027588,ok,50
cambridge_ma,10,4,Standard GA,5.83191438763377,0.10378670692443848,success,10
cambridge_ma,10,4,Elitist GA,7.289892984542212,0.5051918029785156,ok,50
cambridge_ma,10,4,Adaptive GA,7.289892984542212,0.5104920864105225,ok,50
cambridge_ma,10,4,Hybrid GA,7.289892984542212,2.8020808696746826,ok,50
cambridge_ma,10,5,Standard GA,5.83191438763377,0.1498563289642334,success,10
cambridge_ma,10,5,Elitist GA,7.289892984542212,0.8793854713439941,ok,50
cambridge_ma,10,5,Adaptive GA,7.289892984542212,1.0636720657348633,ok,50
cambridge_ma,10,5,Hybrid GA,7.289892984542212,3.326296806335449,ok,50
cambridge_ma,10,6,Standard GA,5.83191438763377,0.18106698989868164,success,10
cambridge_ma,10,6,Elitist GA,7.289892984542212,0.5849416255950928,ok,50
cambridge_ma,10,6,Adaptive GA,7.289892984542212,0.502164363861084,ok,50
cambridge_ma,10,6,Hybrid GA,7.289892984542212,3.1520004272460938,ok,50
cambridge_ma,10,7,Standard GA,5.83191438763377,0.22610855102539062,success,10
cambridge_ma,10,7,Elitist GA,7.289892984542212,0.5664832592010498,ok,50
cambridge_ma,10,7,Adaptive GA,7.289892984542212,0.9744291305541992,ok,50
cambridge_ma,10,7,Hybrid GA,7.289892984542212,9.138510704040527,ok,50
cambridge_ma,10,8,Standard GA,5.83191438763377,0.4986457824707031,success,10
cambridge_ma,10,8,Elitist GA,7.289892984542212,1.900496244430542,ok,50
cambridge_ma,10,8,Adaptive GA,7.289892984542212,1.1841368675231934,ok,50
cambridge_ma,10,8,Hybrid GA,7.289892984542212,5.551391363143921,ok,50
cambridge_ma,10,9,Standard GA,5.83191438763377,0.1556556224822998,success,10
cambridge_ma,10,9,Elitist GA,7.289892984542212,0.7097659111022949,ok,50
cambridge_ma,10,9,Adaptive GA,7.289892984542212,0.8400981426239014,ok,50
cambridge_ma,10,9,Hybrid GA,7.289892984542212,6.334350824356079,ok,50
cambridge_ma,10,10,Standard GA,5.83191438763377,0.3219332695007324,success,10
cambridge_ma,10,10,Elitist GA,7.289892984542212,1.172520399093628,ok,50
cambridge_ma,10,10,Adaptive GA,7.289892984542212,1.259636402130127,ok,50
cambridge_ma,10,10,Hybrid GA,7.289892984542212,7.010859966278076,ok,50
cambridge_ma,15,1,Standard GA,8.747871581450655,0.358522891998291,success,10
cambridge_ma,15,1,Elitist GA,10.934839476813316,1.842383623123169,ok,50
cambridge_ma,15,1,Adaptive GA,10.934839476813316,2.515272378921509,ok,50
cambridge_ma,15,1,Hybrid GA,10.934839476813316,17.122506380081177,ok,50
cambridge_ma,15,2,Standard GA,8.334680142687278,0.4254624843597412,success,10
cambridge_ma,15,2,Elitist GA,10.418350178359095,1.7854995727539062,ok,50
cambridge_ma,15,2,Adaptive GA,10.418350178359095,2.3838486671447754,ok,50
cambridge_ma,15,2,Hybrid GA,10.418350178359095,27.021710634231567,ok,50
cambridge_ma,15,3,Standard GA,8.747871581450655,0.5694677829742432,success,10
cambridge_ma,15,3,Elitist GA,10.934839476813316,2.1929924488067627,ok,50
cambridge_ma,15,3,Adaptive GA,10.934839476813316,1.8035190105438232,ok,50
cambridge_ma,15,3,Hybrid GA,10.934839476813316,27.33101487159729,ok,50
cambridge_ma,15,4,Standard GA,8.747871581450655,0.5076112747192383,success,10
cambridge_ma,15,4,Elitist GA,10.934839476813316,1.79551100730896,ok,50
cambridge_ma,15,4,Adaptive GA,10.934839476813316,1.6939618587493896,ok,50
cambridge_ma,15,4,Hybrid GA,10.934839476813316,19.835781574249268,ok,50
cambridge_ma,15,5,Standard GA,8.747871581450655,0.2031393051147461,success,10
cambridge_ma,15,5,Elitist GA,10.934839476813316,0.7189738750457764,ok,50
cambridge_ma,15,5,Adaptive GA,10.934839476813316,0.814476728439331,ok,50
cambridge_ma,15,5,Hybrid GA,10.934839476813316,12.342901945114136,ok,50
cambridge_ma,15,6,Standard GA,8.747871581450655,0.2878577709197998,success,10
cambridge_ma,15,6,Elitist GA,10.934839476813316,1.276754379272461,ok,50
cambridge_ma,15,6,Adaptive GA,10.934839476813316,2.0726540088653564,ok,50
cambridge_ma,15,6,Hybrid GA,10.934839476813316,20.181063652038574,ok,50
cambridge_ma,15,7,Standard GA,8.747871581450655,0.7436709403991699,success,10
cambridge_ma,15,7,Elitist GA,10.934839476813316,2.0916407108306885,ok,50
cambridge_ma,15,7,Adaptive GA,10.934839476813316,2.823028802871704,ok,50
cambridge_ma,15,7,Hybrid GA,10.934839476813316,28.746134042739868,ok,50
cambridge_ma,15,8,Standard GA,8.747871581450655,0.752997636795044,success,10
cambridge_ma,15,8,Elitist GA,10.934839476813316,2.2937393188476562,ok,50
cambridge_ma,15,8,Adaptive GA,10.934839476813316,2.2620675563812256,ok,50
cambridge_ma,15,8,Hybrid GA,10.934839476813316,30.708033323287964,ok,50
cambridge_ma,15,9,Standard GA,8.747871581450655,0.5104105472564697,success,10
cambridge_ma,15,9,Elitist GA,10.934839476813316,2.014416456222534,ok,50
cambridge_ma,15,9,Adaptive GA,10.934839476813316,1.7474567890167236,ok,50
cambridge_ma,15,9,Hybrid GA,10.934839476813316,25.211373329162598,ok,50
cambridge_ma,15,10,Standard GA,8.747871581450655,0.8047757148742676,success,10
cambridge_ma,15,10,Elitist GA,10.934839476813316,2.1147797107696533,ok,50
cambridge_ma,15,10,Adaptive GA,10.934839476813316,1.7866787910461426,ok,50
cambridge_ma,15,10,Hybrid GA,10.934839476813316,22.496070861816406,ok,50
cambridge_ma,20,1,Standard GA,11.66382877526754,0.5680398941040039,success,10
cambridge_ma,20,1,Elitist GA,14.579785969084421,2.198655366897583,ok,50
cambridge_ma,20,1,Adaptive GA,14.579785969084421,2.2683234214782715,ok,50
cambridge_ma,20,1,Hybrid GA,14.579785969084421,49.244587659835815,ok,50
cambridge_ma,20,2,Standard GA,11.250637336504163,0.3890571594238281,success,10
cambridge_ma,20,2,Elitist GA,14.0632966706302,1.2871918678283691,ok,50
cambridge_ma,20,2,Adaptive GA,14.0632966706302,1.756479263305664,ok,50
cambridge_ma,20,2,Hybrid GA,14.0632966706302,23.300824880599976,ok,50
cambridge_ma,20,3,Standard GA,11.66382877526754,0.16569185256958008,success,10
cambridge_ma,20,3,Elitist GA,14.579785969084421,0.6960179805755615,ok,50
cambridge_ma,20,3,Adaptive GA,14.579785969084421,0.455000638961792,ok,50
cambridge_ma,20,3,Hybrid GA,14.579785969084421,10.760177612304688,ok,50
cambridge_ma,20,4,Standard GA,11.66382877526754,0.15921521186828613,success,10
cambridge_ma,20,4,Elitist GA,14.579785969084421,0.5532374382019043,ok,50
cambridge_ma,20,4,Adaptive GA,14.579785969084421,0.5388805866241455,ok,50
cambridge_ma,20,4,Hybrid GA,14.579785969084421,11.000802040100098,ok,50
cambridge_ma,20,5,Standard GA,11.66382877526754,0.19589662551879883,success,10
cambridge_ma,20,5,Elitist GA,14.579785969084421,0.819575309753418,ok,50
cambridge_ma,20,5,Adaptive GA,14.579785969084421,0.5940110683441162,ok,50
cambridge_ma,20,5,Hybrid GA,14.579785969084421,11.03723955154419,ok,50
cambridge_ma,20,6,Standard GA,11.210637336504162,0.11002421379089355,success,10
cambridge_ma,20,6,Elitist GA,14.013296670630197,0.5479416847229004,ok,50
cambridge_ma,20,6,Adaptive GA,14.013296670630197,0.5322458744049072,ok,50
cambridge_ma,20,6,Hybrid GA,14.013296670630197,10.35197925567627,ok,50
cambridge_ma,20,7,Standard GA,11.66382877526754,0.11867284774780273,success,10
cambridge_ma,20,7,Elitist GA,14.579785969084421,0.515209436416626,ok,50
cambridge_ma,20,7,Adaptive GA,14.579785969084421,0.4933345317840576,ok,50
cambridge_ma,20,7,Hybrid GA,14.579785969084421,10.715576410293579,ok,50
cambridge_ma,20,8,Standard GA,11.66382877526754,0.1280374526977539,success,10
cambridge_ma,20,8,Elitist GA,14.579785969084421,0.5187976360321045,ok,50
cambridge_ma,20,8,Adaptive GA,14.579785969084421,0.4619596004486084,ok,50
cambridge_ma,20,8,Hybrid GA,14.579785969084421,10.572688579559326,ok,50
cambridge_ma,20,9,Standard GA,11.66382877526754,0.11095404624938965,success,10
cambridge_ma,20,9,Elitist GA,14.579785969084421,0.4036366939544678,ok,50
cambridge_ma,20,9,Adaptive GA,14.579785969084421,0.399212121963501,ok,50
cambridge_ma,20,9,Hybrid GA,14.579785969084421,17.312203407287598,ok,50
cambridge_ma,20,10,Standard GA,11.66382877526754,0.18685245513916016,success,10
cambridge_ma,20,10,Elitist GA,14.579785969084421,1.0147185325622559,ok,50
cambridge_ma,20,10,Adaptive GA,14.579785969084421,1.1606640815734863,ok,50
cambridge_ma,20,10,Hybrid GA,14.579785969084421,23.558595895767212,ok,50
cambridge_ma,25,1,Standard GA,14.579785969084424,0.3055574893951416,success,10
cambridge_ma,25,1,Elitist GA,17.745743162901302,1.6625218391418457,ok,50
cambridge_ma,25,1,Adaptive GA,17.745743162901302,1.1444392204284668,ok,50
cambridge_ma,25,1,Hybrid GA,17.745743162901302,50.846561431884766,ok,50
cambridge_ma,25,2,Standard GA,14.166594530321047,0.2500894069671631,success,10
cambridge_ma,25,2,Elitist GA,17.708243162901304,1.0164430141448975,ok,50
cambridge_ma,25,2,Adaptive GA,17.708243162901304,0.8255496025085449,ok,50
cambridge_ma,25,2,Hybrid GA,17.708243162901304,38.80440402030945,ok,50
cambridge_ma,25,3,Standard GA,14.579785969084424,0.619126558303833,success,10
cambridge_ma,25,3,Elitist GA,18.224732461355526,2.185504674911499,ok,50
cambridge_ma,25,3,Adaptive GA,18.224732461355526,2.0056018829345703,ok,50
cambridge_ma,25,3,Hybrid GA,18.224732461355526,46.27631950378418,ok,50
cambridge_ma,25,4,Standard GA,14.086594530321047,0.21506452560424805,success,10
cambridge_ma,25,4,Elitist GA,17.608243162901303,0.8043868541717529,ok,50
cambridge_ma,25,4,Adaptive GA,17.608243162901303,0.9134597778320312,ok,50
cambridge_ma,25,4,Hybrid GA,17.608243162901303,33.94571280479431,ok,50
cambridge_ma,25,5,Standard GA,14.579785969084424,0.2808101177215576,success,10
cambridge_ma,25,5,Elitist GA,18.224732461355526,0.6017746925354004,ok,50
cambridge_ma,25,5,Adaptive GA,18.224732461355526,1.0373246669769287,ok,50
cambridge_ma,25,5,Hybrid GA,18.224732461355526,31.461501121520996,ok,50
cambridge_ma,25,6,Standard GA,13.563403091557669,0.2059767246246338,success,10
cambridge_ma,25,6,Elitist GA,16.47526456599286,1.102489948272705,ok,50
cambridge_ma,25,6,Adaptive GA,16.47526456599286,0.9275705814361572,ok,50
cambridge_ma,25,6,Hybrid GA,16.47526456599286,35.26282477378845,ok,50
cambridge_ma,25,7,Standard GA,14.579785969084424,0.35474133491516113,success,10
cambridge_ma,25,7,Elitist GA,18.224732461355526,1.1313343048095703,ok,50
cambridge_ma,25,7,Adaptive GA,18.224732461355526,1.0994951725006104,ok,50
cambridge_ma,25,7,Hybrid GA,18.224732461355526,30.95579957962036,ok,50
cambridge_ma,25,8,Standard GA,14.579785969084424,0.36023473739624023,success,10
cambridge_ma,25,8,Elitist GA,17.6332431629013,0.9281070232391357,ok,50
cambridge_ma,25,8,Adaptive GA,17.6332431629013,0.8247296810150146,ok,50
cambridge_ma,25,8,Hybrid GA,17.6332431629013,44.740131855010986,ok,50
cambridge_ma,25,9,Standard GA,14.579785969084424,0.17342662811279297,success,10
cambridge_ma,25,9,Elitist GA,18.224732461355526,0.7420613765716553,ok,50
cambridge_ma,25,9,Adaptive GA,18.224732461355526,0.8420355319976807,ok,50
cambridge_ma,25,9,Hybrid GA,18.224732461355526,32.394896507263184,ok,50
cambridge_ma,25,10,Standard GA,14.579785969084424,0.21588540077209473,success,10
cambridge_ma,25,10,Elitist GA,18.224732461355526,0.7697651386260986,ok,50
cambridge_ma,25,10,Adaptive GA,18.224732461355526,0.8427643775939941,ok,50
cambridge_ma,25,10,Hybrid GA,18.224732461355526,37.66106557846069,ok,50
